bgA;bgB;bgC;bgD;bgE;bgF;V1;V2;V3;V4;V5
0;0;0;2;0;0;6;30;40;51;79
1;1;0;2;2;1;35;44;26;108;58
0;2;0;1;0;0;36;35;41;69;86
1;1;1;2;2;0;36;49;57;79;111
1;0;1;1;2;1;11;54;52;118;70
0;2;0;2;1;1;19;30;14;39;75
0;2;0;0;2;1;32;32;8;46;103
1;2;0;0;1;1;18;45;6;55;79
0;2;0;1;1;0;28;33;31;61;82
0;2;0;1;2;1;22;20;44;56;79
1;1;0;0;2;1;22;38;13;75;87
1;2;0;1;2;1;29;31;6;48;70
1;1;0;1;1;0;30;25;13;47;63
0;1;1;0;0;1;36;38;4;58;45
1;1;1;0;2;1;30;43;50;31;54
0;2;1;2;0;0;11;41;22;30;104
0;1;1;0;1;0;13;32;0;69;106
1;2;1;2;0;0;31;2;30;44;68
0;0;1;1;2;0;14;32;6;71;102
0;0;1;2;0;0;19;31;29;69;48
1;0;1;1;1;0;9;34;15;33;73
1;0;0;2;1;0;22;30;32;41;60
0;2;0;1;0;1;22;44;35;57;53
0;0;1;2;1;0;20;28;18;66;59
0;2;1;0;0;1;26;40;14;52;73
0;2;1;2;1;1;2;29;28;74;67
0;1;0;0;0;0;3;5;31;85;77
0;0;0;2;2;0;4;49;2;2;44
0;1;0;0;0;0;14;39;28;58;71
1;2;1;1;2;0;16;34;33;83;92
0;2;0;0;2;1;15;51;16;82;110
1;2;0;0;0;1;38;33;29;61;92
0;2;0;2;2;0;15;27;29;39;51
0;1;0;1;0;1;15;35;37;58;107
1;1;0;2;0;1;33;35;37;66;102
1;1;0;1;1;0;7;23;21;64;58
0;1;1;0;0;1;34;2;15;35;82
1;2;1;0;2;1;12;27;22;67;65
0;1;0;0;2;1;3;39;16;41;110
1;2;1;2;0;1;22;26;1;79;100
0;1;0;0;0;0;28;32;12;101;82
1;1;1;1;1;1;29;25;36;96;87
1;2;1;0;0;1;24;35;41;50;88
1;1;0;1;1;0;32;41;34;82;56
1;0;1;2;0;0;31;47;9;48;60
1;2;1;1;0;1;13;55;17;67;74
0;2;0;1;2;0;14;55;40;73;66
0;0;0;0;0;1;31;33;32;41;44
1;2;0;2;1;1;6;18;3;60;37
1;1;1;1;2;0;34;31;5;55;34
0;1;0;0;1;1;19;34;7;77;61
1;1;1;0;0;1;28;18;21;71;27
1;0;1;0;2;0;27;44;25;77;59
1;0;1;1;1;0;13;15;20;64;72
0;0;0;2;0;0;65;38;45;90;44
1;1;1;0;1;1;26;15;28;40;71
1;0;1;0;0;0;27;13;35;97;52
1;0;1;0;2;1;38;5;11;84;37
1;0;1;2;0;1;27;39;11;55;65
0;0;0;1;1;0;15;60;17;32;90
1;1;1;2;0;0;42;1;10;76;96
0;1;1;1;2;1;38;24;32;49;38
1;2;1;0;2;1;10;36;16;44;50
1;1;0;2;1;1;9;45;14;30;71
0;0;0;2;0;1;20;14;11;40;50
0;0;0;1;2;0;28;51;17;61;46
1;2;0;1;1;1;15;17;13;46;78
1;0;0;1;2;0;37;24;6;83;55
0;1;0;1;0;0;26;25;28;67;69
1;1;1;0;1;0;19;8;8;87;51
1;0;0;1;2;0;30;12;15;41;62
0;2;1;1;2;0;28;26;2;36;67
1;2;1;0;0;1;44;35;9;71;84
1;1;0;1;0;1;14;13;20;89;70
0;0;1;1;2;0;38;36;26;42;76
0;0;0;1;2;0;13;12;39;55;48
1;2;1;2;0;0;37;44;4;59;81
1;0;0;2;1;1;32;26;14;53;80
0;1;0;0;2;1;14;47;37;56;71
0;1;1;1;1;1;17;23;9;64;65
0;2;1;1;2;1;11;36;30;40;92
1;1;0;0;1;1;15;23;23;77;89
0;1;0;0;0;0;18;21;26;61;36
1;1;0;1;2;1;31;47;43;60;75
1;1;1;1;2;0;0;36;5;93;77
1;1;0;0;1;1;24;22;16;81;34
0;2;1;1;0;0;8;54;76;79;54
1;0;0;2;2;0;34;35;3;58;90
0;1;1;0;0;0;10;22;18;73;87
1;1;1;0;2;0;27;19;11;76;69
0;0;0;2;1;0;19;48;11;32;41
1;0;1;2;0;0;37;33;18;68;66
0;1;1;0;0;1;32;32;26;89;84
0;2;0;1;1;0;1;24;10;42;69
0;1;0;2;1;1;26;49;0;54;53
0;0;1;0;0;0;21;16;20;52;108
0;1;0;2;0;1;5;26;2;54;59
0;1;1;2;2;0;22;52;13;59;90
0;0;0;1;2;0;35;67;22;74;68
1;2;1;0;0;0;3;28;2;64;99
1;2;1;2;0;1;46;21;1;58;62
0;2;0;0;1;0;0;42;7;65;94
1;1;1;2;0;1;14;36;12;80;74
0;2;1;1;0;1;32;24;29;54;91
1;2;0;2;2;0;37;18;28;54;66
0;1;1;1;0;1;17;27;34;59;80
1;1;1;1;2;1;15;44;13;90;73
0;1;1;1;2;0;31;31;27;77;49
0;2;1;0;0;0;17;27;31;58;31
1;1;1;2;1;0;26;10;46;64;65
1;0;1;0;1;0;45;30;35;19;65
0;2;0;2;2;0;21;54;3;52;49
1;1;1;1;0;1;27;44;12;70;79
1;1;1;2;1;0;18;42;22;18;57
0;1;1;2;1;1;25;28;20;58;117
0;0;0;2;0;0;31;54;23;77;73
1;0;1;2;2;1;25;25;30;78;62
1;0;0;0;2;1;24;26;19;63;105
0;1;1;0;0;0;28;39;0;78;46
0;0;0;0;1;1;26;13;27;98;52
0;0;1;1;1;0;12;42;13;43;74
0;2;0;1;1;1;29;24;0;57;39
1;1;1;2;0;0;16;66;52;83;69
0;1;0;1;2;0;12;20;44;39;77
0;0;0;0;1;1;30;5;16;27;73
0;0;0;2;2;0;25;41;25;50;60
0;0;1;0;0;0;2;8;7;65;72
1;1;0;1;1;1;22;27;20;67;56
1;1;0;1;1;0;12;37;25;54;53
1;2;1;2;2;0;16;41;15;70;76
1;0;1;0;0;0;6;28;4;40;47
1;0;1;2;1;1;1;21;49;13;42
0;2;0;0;0;1;21;59;44;62;86
0;0;0;2;0;0;41;31;31;69;83
1;0;0;2;0;1;13;40;21;46;58
0;1;1;1;1;0;33;24;0;62;71
0;2;0;1;1;1;39;45;36;78;114
1;2;1;1;2;1;10;39;36;60;80
0;1;0;2;0;0;23;30;8;49;71
1;0;1;0;0;1;19;29;15;46;74
1;1;0;1;0;1;11;13;38;58;49
0;1;1;1;2;1;19;25;8;57;64
0;0;1;0;2;1;22;12;2;73;71
1;1;1;0;2;1;25;2;24;54;66
1;0;1;2;0;1;30;16;18;52;56
0;1;0;0;1;1;10;36;17;45;86
0;2;1;1;2;0;21;35;12;57;22
1;0;1;2;2;0;18;33;9;55;68
0;1;0;0;2;0;9;20;24;66;47
1;1;0;2;1;0;1;19;18;27;78
1;2;0;1;0;1;5;26;22;62;82
1;1;1;1;1;0;10;36;23;68;93
1;1;1;2;0;1;68;27;16;59;53
1;0;0;1;0;1;15;15;15;61;71
0;2;0;2;2;1;45;45;22;97;100
1;0;0;1;0;1;5;29;55;64;81
0;2;0;2;1;1;42;17;14;54;69
0;1;0;2;1;0;14;2;29;75;42
1;1;1;2;1;1;32;43;21;75;70
0;2;0;1;2;1;19;33;3;61;76
1;0;0;1;1;0;40;39;18;58;56
1;0;1;0;1;1;11;45;22;35;75
1;2;0;0;0;0;23;15;7;58;43
1;0;1;2;2;1;39;23;31;56;44
0;2;1;1;0;0;22;16;17;78;82
0;2;0;0;0;0;23;15;45;43;76
0;0;0;1;0;1;5;41;30;49;55
1;0;1;0;2;1;24;30;23;54;58
0;0;0;1;0;1;34;11;1;48;61
0;0;0;2;1;1;45;39;18;60;81
1;0;1;2;2;0;22;34;41;53;78
1;0;1;2;1;0;28;40;8;70;55
1;1;0;1;1;0;41;38;19;74;57
1;2;0;0;0;1;56;45;15;69;47
1;1;1;1;2;0;2;32;50;62;88
1;2;1;1;1;0;55;22;2;60;96
0;0;1;1;2;0;5;16;16;56;72
1;2;0;2;0;0;23;30;21;38;78
0;1;0;0;2;0;32;17;29;35;65
1;0;1;1;2;1;53;12;3;68;83
1;0;0;0;0;0;25;23;15;49;81
0;1;0;0;1;0;1;32;11;100;65
0;2;0;2;2;1;38;15;47;63;89
0;0;0;0;0;1;20;42;25;47;110
1;0;1;1;1;1;28;31;23;86;65
0;2;1;1;0;0;24;42;45;65;85
1;2;0;2;1;0;13;81;26;52;60
0;1;1;1;0;0;30;25;39;41;92
0;1;0;0;1;0;18;25;21;103;109
1;0;1;0;1;0;5;36;17;62;71
0;2;0;1;2;1;44;16;15;46;48
1;0;0;0;1;1;40;41;6;50;71
1;0;0;0;2;0;9;7;52;66;93
1;1;1;2;1;1;1;46;40;41;75
1;0;1;2;2;0;30;12;28;47;95
0;2;1;2;1;1;30;34;25;69;77
1;1;0;2;0;0;31;10;6;64;82
1;1;1;0;0;0;30;41;20;87;85
1;1;1;0;2;1;16;28;27;59;66
1;2;0;2;2;0;26;29;3;72;79
1;2;0;1;1;0;22;21;7;79;72
0;2;1;1;2;1;8;36;34;39;84
0;0;1;2;1;1;5;37;2;64;58
0;0;1;0;0;0;35;18;37;64;107
0;1;0;2;0;1;15;35;23;67;74
0;0;0;0;0;0;7;26;7;54;73
1;2;0;0;1;0;19;26;43;37;60
0;2;0;0;0;0;48;31;13;54;83
1;2;0;1;2;0;34;11;34;43;54
1;2;0;1;1;0;3;35;25;62;64
1;0;1;0;2;1;45;31;30;60;62
0;0;1;0;1;0;5;21;13;62;44
0;2;1;2;0;0;12;36;20;45;42
1;1;0;1;1;1;3;29;4;52;48
0;2;1;1;0;1;23;20;19;56;78
1;0;0;2;2;1;17;27;4;53;43
0;0;1;0;1;0;20;18;13;37;72
0;0;0;0;0;0;10;31;26;42;59
1;1;0;2;2;1;33;44;7;68;75
0;2;0;1;0;1;27;39;24;32;50
0;2;0;2;0;1;16;6;28;60;72
1;2;0;0;0;0;28;43;19;50;59
0;0;0;1;0;1;16;31;39;64;55
1;1;1;2;0;0;14;23;7;82;73
0;1;1;2;1;1;17;35;32;44;93
0;2;1;1;1;1;48;24;8;32;52
0;0;0;2;2;0;42;59;7;46;76
0;1;1;0;1;1;6;26;4;67;92
0;2;1;0;2;1;19;39;20;86;72
0;2;1;1;2;0;1;38;0;72;75
1;2;1;2;0;0;10;28;12;75;73
0;1;0;0;0;1;8;36;14;38;56
0;2;1;1;1;0;31;38;30;86;66
1;1;0;2;2;0;23;23;28;62;21
0;0;0;0;1;0;11;44;18;63;58
0;2;0;0;1;0;68;5;24;37;53
1;1;1;2;2;1;7;25;11;63;69
0;0;1;2;2;0;40;26;32;36;52
0;2;1;1;2;1;10;55;7;84;53
0;2;0;0;1;1;29;29;5;85;37
0;1;1;2;2;0;12;24;19;43;61
1;0;1;1;0;0;2;31;27;56;62
1;0;0;2;1;1;23;13;22;73;50
0;1;0;0;0;0;29;31;38;65;61
0;0;0;0;2;1;19;27;7;61;56
1;2;1;0;1;1;22;26;19;74;88
1;0;0;0;0;1;21;37;8;65;62
1;0;0;0;0;0;36;1;19;69;94
0;0;1;2;1;1;11;19;3;72;98
0;0;0;0;2;1;41;10;2;25;61
0;2;0;1;1;0;20;37;49;48;94
1;0;0;0;2;1;2;32;7;30;79
1;2;0;1;0;0;20;24;31;80;64
0;1;1;2;0;0;27;48;18;52;72
1;2;0;2;1;1;2;49;5;86;92
0;1;0;2;0;0;50;20;24;74;77
0;0;0;0;1;1;27;27;45;50;54
1;2;1;0;2;0;18;23;11;70;44
0;0;1;0;1;0;7;42;25;64;85
0;2;1;1;2;0;11;45;41;67;88
1;2;1;1;1;0;15;41;37;49;45
1;2;0;0;0;1;27;20;45;81;72
0;1;1;2;0;1;24;15;22;50;92
1;1;1;0;2;0;48;40;29;72;64
1;1;1;0;2;1;11;2;17;52;63
1;2;1;2;2;1;19;11;35;51;59
1;2;0;2;1;1;24;15;30;75;73
1;0;1;1;1;0;26;22;24;61;65
0;0;0;0;2;0;22;12;16;73;63
1;2;1;0;2;0;37;34;4;47;80
1;1;0;2;1;1;9;27;7;31;30
1;0;0;0;1;1;7;30;7;23;47
0;1;1;2;1;0;20;1;26;64;79
0;0;0;0;2;1;18;15;25;60;40
0;0;0;0;2;1;27;28;3;86;71
0;0;0;2;0;0;12;29;21;62;29
0;1;0;2;1;1;18;4;5;23;72
0;1;1;1;2;1;30;50;22;75;75
0;0;0;0;1;1;13;3;15;56;59
0;0;1;1;0;0;30;32;1;49;47
1;0;0;2;2;1;19;27;6;34;73
0;1;0;1;0;1;18;57;41;71;79
0;1;0;1;0;0;42;2;25;20;45
0;2;1;0;2;0;47;12;30;71;88
1;0;0;1;0;1;18;13;9;65;70
1;2;1;1;2;0;21;62;35;48;95
1;2;1;0;0;1;31;2;18;47;53
1;1;0;0;0;0;20;49;12;49;53
1;2;1;2;1;1;24;31;15;39;71
1;0;0;2;0;1;21;51;11;88;43
0;0;0;2;1;1;31;49;15;80;72
0;2;1;0;2;1;17;16;11;45;68
1;1;1;1;0;1;11;20;15;34;89
0;0;0;0;0;0;36;31;45;73;74
0;0;0;2;1;0;22;15;21;34;58
1;1;0;1;1;1;10;30;24;77;81
1;0;0;1;2;0;3;42;26;50;66
1;2;0;0;1;1;31;20;26;81;83
0;2;1;1;1;0;13;40;27;90;63
0;2;0;0;1;1;42;27;31;49;60
0;0;1;0;2;1;20;16;12;79;64
0;2;0;2;0;0;5;22;33;81;67
1;1;1;0;2;1;4;35;14;83;89
0;0;0;0;0;1;26;46;18;69;99
0;0;0;2;0;0;10;56;29;53;72
1;2;1;2;2;1;61;45;26;59;42
0;0;1;1;0;1;8;41;19;65;46
0;1;0;0;2;0;28;23;19;55;59
0;2;0;0;2;1;18;24;21;55;103
0;2;0;0;2;1;15;33;11;48;53
1;1;1;0;2;1;16;17;1;8;74
0;2;0;1;0;0;12;27;20;65;105
0;1;0;0;0;0;10;43;16;49;62
1;1;1;1;1;1;12;65;8;60;66
0;0;0;0;1;1;6;32;3;99;79
1;1;0;1;1;0;46;27;21;65;64
0;0;1;2;2;0;56;35;22;72;71
1;2;1;2;1;1;33;43;32;50;61
0;0;0;2;2;1;27;26;14;81;46
1;1;0;2;1;0;53;34;16;49;59
1;2;1;1;1;0;12;31;36;75;44
1;1;1;0;0;1;19;32;11;80;75
0;0;0;2;1;1;47;30;31;61;93
1;2;1;1;0;1;63;23;7;75;109
0;0;0;2;2;1;5;22;38;71;85
1;0;1;2;0;0;25;35;3;96;100
1;0;0;1;0;1;12;16;21;54;86
1;0;0;1;2;1;10;51;13;35;45
0;1;1;1;2;1;24;40;13;26;84
0;1;1;1;2;0;12;35;43;45;107
1;2;1;2;2;1;7;35;8;53;79
0;0;0;1;2;0;4;42;31;29;86
1;2;1;0;1;0;4;37;20;77;76
1;2;1;0;0;0;25;58;16;53;112
0;1;0;0;2;0;35;22;34;59;75
0;0;0;2;1;1;34;26;4;86;76
1;0;0;1;2;0;13;17;30;61;55
1;0;1;1;2;1;19;14;28;49;57
1;0;0;0;2;1;10;42;33;53;40
1;0;1;2;0;1;22;30;27;86;72
0;1;0;0;0;0;17;22;59;50;55
1;2;1;0;1;0;15;60;27;35;90
0;2;1;1;2;1;2;49;3;37;53
0;1;0;2;0;0;34;37;25;62;77
0;2;0;2;0;1;21;20;17;52;58
1;2;1;0;1;0;11;38;14;74;40
1;1;1;0;2;1;35;33;20;66;72
0;0;0;0;2;0;30;39;9;58;66
0;2;1;1;0;1;8;6;23;73;74
1;2;1;0;2;1;15;9;3;40;96
1;0;1;0;1;1;16;11;28;67;85
0;1;1;1;0;0;10;19;41;41;68
0;2;1;1;0;0;4;53;15;75;121
0;0;1;0;0;0;21;34;20;42;92
1;1;1;2;2;1;14;38;13;76;80
1;1;1;1;1;1;42;1;26;65;62
1;0;1;0;2;0;26;29;0;48;95
1;2;1;2;1;0;37;21;21;40;61
0;2;1;1;0;0;37;22;6;66;62
0;0;1;0;0;0;28;34;16;88;49
0;2;0;1;0;0;13;50;28;63;75
0;2;1;0;1;0;4;28;2;65;66
1;0;1;0;2;1;1;46;2;73;94
1;0;1;2;0;0;2;30;17;47;90
0;1;0;2;1;0;11;54;27;38;61
1;1;0;1;0;0;22;23;16;51;80
0;0;1;0;0;0;46;22;1;79;42
1;1;1;1;0;1;12;40;27;62;69
0;0;1;0;0;0;21;2;37;51;78
1;2;1;1;0;1;10;14;36;41;69
0;0;0;2;1;1;5;35;6;76;58
0;2;1;1;1;0;1;9;1;61;25
0;0;0;1;0;1;11;37;37;62;81
1;1;0;2;0;1;25;12;2;71;78
0;0;1;0;2;0;6;43;10;50;25
0;1;0;2;1;1;15;17;20;50;90
1;0;1;1;1;1;22;43;42;78;58
0;2;0;2;1;1;13;24;4;33;59
1;1;1;2;2;1;53;42;49;59;82
1;1;1;0;1;0;2;29;3;59;38
1;1;1;2;2;0;14;18;3;49;66
0;2;1;0;2;1;24;39;23;52;38
0;0;1;2;2;1;37;57;33;44;48
1;0;1;0;0;0;25;14;9;68;67
1;2;1;2;1;1;2;19;15;59;86
0;1;1;1;2;0;27;51;12;34;61
1;2;1;0;1;1;13;52;2;85;64
0;0;0;2;2;0;1;6;38;56;57
1;2;0;1;1;0;28;44;13;61;70
0;2;0;0;0;0;14;10;24;49;66
0;1;0;0;2;1;36;27;26;53;21
1;1;0;0;1;0;26;30;14;44;65
0;2;1;0;0;0;5;36;41;72;83
1;2;0;2;1;0;14;34;7;69;71
1;1;0;2;1;0;25;35;21;90;76
0;2;0;0;2;1;39;22;30;89;21
1;0;1;1;2;1;11;27;8;39;99
1;0;1;2;1;1;4;29;16;65;85
0;2;1;2;0;0;25;32;26;54;46
0;0;1;0;0;1;23;2;5;64;73
1;0;0;0;0;0;31;22;4;66;60
0;1;0;1;1;1;34;30;43;59;81
0;1;0;1;2;1;9;61;31;54;49
0;0;1;2;2;0;15;39;28;65;44
1;1;1;2;2;0;25;19;21;46;113
0;1;1;2;1;0;22;60;5;75;59
1;1;1;1;1;0;15;29;42;26;10
0;0;1;1;1;0;5;50;12;54;65
0;2;1;2;1;1;22;21;14;65;88
1;2;1;1;2;1;30;33;12;62;68
0;2;1;1;1;1;37;45;14;86;95
0;1;1;0;1;0;13;53;24;54;80
1;1;0;2;1;1;3;26;13;37;61
0;2;1;0;2;1;33;24;20;54;116
0;0;1;0;2;0;12;37;51;41;54
1;2;0;0;2;0;45;18;15;50;53
1;2;1;1;1;0;0;22;34;72;59
0;0;1;0;2;1;14;36;5;41;75
0;2;0;1;2;1;42;31;25;47;100
0;1;1;2;0;0;46;34;1;81;106
0;1;0;0;1;0;19;31;37;42;70
0;2;0;0;1;1;29;20;39;46;54
0;0;1;1;0;0;3;26;33;47;57
0;2;1;2;0;0;19;22;33;65;32
1;1;0;0;2;1;28;25;23;54;62
1;2;0;1;1;0;9;0;8;52;88
1;1;0;2;2;0;18;32;40;77;92
0;1;0;2;0;0;18;34;26;78;82
0;0;1;0;0;1;14;30;31;81;87
1;0;0;0;1;0;46;22;22;56;70
0;1;0;0;0;0;9;27;10;84;72
1;0;1;2;1;0;36;21;10;35;65
1;1;1;0;2;0;11;12;5;50;81
0;1;0;2;1;0;26;45;15;52;46
1;2;0;0;2;0;11;50;23;72;45
0;0;0;0;2;0;36;31;43;57;62
0;2;1;2;0;0;32;5;26;55;96
0;1;1;0;2;0;34;50;32;67;113
0;0;0;2;0;1;2;41;14;42;88
0;0;1;1;1;0;38;44;29;89;58
1;0;1;2;1;1;13;48;32;74;77
1;0;1;2;1;1;9;15;10;75;70
0;0;0;1;0;0;32;15;39;58;54
1;2;0;0;0;0;26;35;9;74;61
1;1;1;2;0;1;18;47;8;44;62
1;1;0;0;1;0;26;0;1;76;74
1;0;0;1;0;1;28;31;14;54;84
1;1;1;0;2;0;37;31;6;68;71
1;1;0;0;0;0;17;17;22;51;62
0;0;0;0;1;1;28;35;6;29;77
1;0;1;0;0;1;21;34;20;52;92
0;1;0;2;0;1;4;33;37;75;75
0;1;0;2;0;0;2;72;37;83;116
1;2;1;0;0;0;30;35;19;64;99
0;1;0;0;1;0;14;36;5;12;65
1;2;0;2;1;0;2;23;7;53;64
0;2;1;1;0;1;10;34;29;57;87
1;1;1;2;1;0;20;14;22;50;24
0;0;1;1;0;0;18;35;41;92;85
1;2;0;0;0;1;3;59;23;55;52
1;0;0;1;0;1;34;37;54;54;97
1;2;1;0;2;0;32;27;31;74;66
1;0;0;2;0;1;31;40;25;69;80
1;0;0;2;0;0;18;37;25;72;74
1;0;1;2;1;0;6;25;30;60;68
0;2;1;0;2;1;4;4;44;48;84
0;1;1;0;2;0;20;55;0;67;107
1;1;1;0;1;1;20;21;1;79;57
1;1;1;1;2;0;43;40;4;57;77
0;0;1;2;2;1;24;19;20;63;97
0;0;0;2;0;0;10;37;5;16;56
0;0;0;2;0;1;20;11;11;50;92
1;0;1;2;2;1;33;62;19;50;78
0;1;1;1;1;1;1;50;8;74;68
1;2;0;1;0;1;26;23;8;53;73
1;1;0;1;2;1;13;22;24;75;55
1;1;0;1;2;1;18;38;36;87;43
1;1;1;1;1;0;13;62;24;77;46
0;2;1;1;2;0;15;41;29;48;55
1;2;0;2;0;0;26;31;23;66;57
0;0;1;1;0;0;21;43;8;46;81
1;2;1;1;0;1;41;28;26;63;88
1;1;1;0;1;0;19;14;20;64;85
0;2;1;2;2;0;20;21;22;51;81
1;1;1;2;0;0;15;32;17;58;20
1;2;0;2;2;1;30;49;40;49;101
0;1;1;2;0;0;50;51;25;76;79
1;2;1;2;2;0;40;29;12;39;66
0;2;1;1;2;0;48;33;32;52;95
0;0;1;1;1;0;24;54;48;70;72
0;2;0;2;0;0;34;61;23;64;63
0;2;0;0;2;0;7;19;10;47;106
0;2;0;2;2;1;13;46;32;62;41
0;0;0;1;0;1;14;45;14;41;89
1;1;1;0;0;0;36;29;12;17;80
0;1;1;1;2;1;23;22;22;36;39
0;2;0;1;2;1;15;34;24;52;56
0;0;1;1;0;1;5;36;5;70;60
0;2;1;1;0;1;34;34;13;63;69
1;2;0;1;0;0;18;28;35;62;78
1;1;0;0;0;0;3;43;10;49;46
1;2;0;0;1;0;32;22;26;76;54
1;2;0;0;2;0;6;36;29;48;28
1;2;0;1;2;0;1;18;26;42;68
0;2;1;0;2;0;24;37;24;76;73
0;0;1;0;0;1;39;24;19;58;91
1;2;1;1;2;0;23;43;25;76;100
1;1;1;0;1;1;19;48;17;69;68
1;0;1;2;1;0;27;50;40;59;64
1;0;0;2;0;1;36;49;14;40;89
0;2;1;0;2;1;27;23;14;58;85
1;1;1;0;0;0;3;17;41;37;90
0;2;1;0;0;1;34;67;4;20;26
1;2;1;1;2;0;93;90;24;36;12
0;0;0;2;1;1;74;50;3;38;33
0;2;1;0;1;0;76;95;36;32;5
1;0;0;0;2;1;50;59;16;18;34
1;0;0;0;1;0;70;54;7;36;5
1;2;1;2;1;1;65;80;30;40;28
0;2;1;1;0;1;41;104;18;41;28
1;2;0;1;0;0;62;82;12;31;29
0;2;0;2;0;1;69;70;11;46;24
0;0;1;1;1;0;46;53;1;50;18
0;0;1;1;0;0;51;74;16;43;11
0;1;0;1;0;1;36;44;16;2;7
1;1;0;0;2;0;46;50;12;32;14
0;2;0;2;0;0;47;58;25;50;17
0;0;0;2;0;0;91;87;1;3;35
0;2;0;1;1;1;61;88;7;34;18
0;1;0;0;0;0;74;56;41;32;33
0;0;1;0;1;1;65;92;34;51;1
0;1;0;2;2;0;41;103;12;54;27
0;1;1;2;0;1;68;90;2;8;12
0;0;1;2;0;0;43;57;3;37;7
0;2;1;1;2;1;41;56;15;42;22
0;2;0;1;1;0;61;72;7;13;14
1;0;0;2;2;0;56;46;10;37;1
0;1;0;2;0;1;59;70;6;49;4
1;1;1;2;2;0;74;91;26;44;46
0;2;1;1;2;0;41;58;9;23;16
0;2;1;0;0;0;42;60;23;12;24
0;2;0;1;2;1;78;73;22;7;7
0;2;1;0;2;0;80;111;44;51;35
1;2;0;2;1;0;83;51;11;30;38
1;0;1;2;0;0;83;60;39;10;2
1;1;1;2;1;1;64;92;3;50;24
1;1;1;1;2;0;64;79;15;48;53
1;0;1;2;2;0;40;67;16;52;20
1;0;0;0;1;1;74;52;33;44;32
1;1;0;2;2;0;75;47;8;31;49
1;0;1;0;2;0;89;58;9;25;13
0;1;0;0;2;1;62;97;2;17;9
0;1;1;0;2;0;81;79;3;21;8
0;0;1;2;0;0;64;79;17;30;17
1;0;1;1;0;1;69;66;5;43;42
1;2;1;0;0;1;41;73;7;40;46
0;0;1;0;2;0;60;36;3;14;1
0;2;0;1;1;1;48;71;13;53;19
1;2;0;0;0;1;58;78;14;9;18
1;2;1;1;0;0;38;80;25;33;18
0;0;0;0;0;0;37;44;4;46;9
0;1;0;0;0;0;33;85;5;39;6
1;1;1;0;1;1;59;74;5;32;21
0;0;0;2;2;1;50;50;25;32;1
1;2;0;1;0;0;40;52;18;28;20
0;0;1;2;2;0;52;57;3;8;0
1;0;0;2;1;0;59;64;9;35;1
0;1;0;1;0;0;58;42;22;56;36
0;2;1;0;2;0;62;41;0;10;38
0;0;0;0;0;0;53;50;6;25;8
0;2;1;1;2;0;87;66;20;25;4
1;2;0;1;0;1;52;83;7;25;12
0;1;1;0;0;0;71;51;37;11;24
0;1;0;1;0;0;65;70;8;23;14
1;2;0;0;1;0;37;72;5;21;9
1;1;0;2;2;1;62;66;7;14;15
0;2;1;2;2;1;30;56;7;43;7
1;1;0;1;2;0;80;53;13;49;21
0;1;1;2;1;1;65;57;3;33;8
1;1;0;1;0;0;79;82;21;32;28
0;1;0;1;1;0;112;48;29;30;23
0;2;1;1;0;0;67;66;2;33;0
1;1;0;2;1;1;31;66;20;49;25
0;0;0;1;2;0;80;74;2;7;59
0;0;0;1;1;1;63;85;20;42;19
1;1;0;2;0;1;45;72;19;32;18
0;2;0;0;1;0;66;58;37;17;29
0;1;1;0;0;0;48;95;26;21;0
1;2;0;1;2;1;59;38;1;21;37
0;1;0;0;1;1;63;103;23;43;9
0;2;1;1;2;1;76;62;22;14;12
1;0;0;1;2;0;79;70;9;6;16
0;2;0;1;2;0;69;87;8;32;9
0;0;0;1;2;1;80;54;26;31;39
0;0;0;2;2;1;80;58;22;20;12
1;0;0;0;1;0;76;61;20;29;32
1;2;1;0;2;0;101;46;22;28;1
1;0;0;2;2;1;60;41;22;13;26
0;1;0;2;1;0;50;50;1;17;23
1;0;1;0;2;1;81;72;1;59;44
0;1;0;0;2;1;72;63;4;42;23
0;0;0;1;2;1;67;65;34;37;9
0;1;1;2;1;1;40;48;6;32;27
1;2;0;1;1;1;63;50;8;33;3
0;2;1;0;2;1;70;98;12;55;37
1;0;0;0;2;0;51;75;6;48;24
1;1;1;2;1;0;29;61;3;38;27
1;0;1;0;1;1;62;109;18;30;20
1;2;0;1;0;0;69;61;1;23;7
0;1;0;1;1;0;71;101;2;7;27
0;1;0;2;0;0;71;81;11;40;25
0;2;0;0;0;1;78;69;21;74;28
0;2;0;2;0;1;66;64;21;8;32
0;0;1;2;0;1;116;47;45;18;21
1;1;1;1;2;1;27;99;15;47;26
1;0;0;2;0;0;86;68;15;18;9
1;0;1;1;2;0;82;63;1;41;1
1;0;1;1;1;0;59;53;8;45;24
0;1;0;2;0;0;82;80;10;12;23
0;2;0;0;0;1;57;82;9;35;16
1;0;1;0;0;1;34;62;9;36;7
0;0;0;2;0;0;72;83;3;39;26
1;1;1;0;0;1;59;57;1;34;31
0;2;0;0;0;0;50;73;27;46;24
1;0;1;0;0;0;63;86;1;57;3
0;1;1;1;2;0;72;41;1;59;16
0;1;1;2;2;1;89;87;5;33;26
1;1;0;1;2;1;57;89;6;38;9
0;0;0;2;2;0;97;94;16;32;19
1;1;0;1;0;1;72;67;25;48;57
0;2;1;1;2;1;52;60;23;16;18
1;1;1;1;1;0;93;65;8;3;25
0;1;0;0;0;1;83;68;1;20;29
1;0;1;0;1;1;34;67;12;16;3
1;1;1;1;2;1;84;89;8;43;12
1;0;0;1;1;0;54;65;32;19;41
0;1;0;2;1;0;44;30;4;41;1
1;1;0;1;1;1;59;67;19;59;39
1;0;1;1;1;1;58;47;14;12;32
0;0;0;0;1;0;81;68;14;40;28
0;1;1;2;2;1;34;83;16;10;41
1;1;1;2;0;0;69;65;7;45;7
1;2;0;2;1;1;72;51;10;14;9
0;1;1;2;1;1;14;92;8;36;41
0;0;1;1;2;0;83;78;12;34;24
1;1;0;0;2;1;67;49;0;13;17
1;0;0;0;2;0;66;82;2;18;29
1;2;1;2;0;0;71;105;1;43;34
0;2;0;2;2;1;103;84;26;40;18
0;0;0;2;1;0;39;79;22;36;50
0;1;1;2;1;1;39;87;9;58;6
0;2;0;0;2;1;71;82;17;34;34
0;1;0;1;1;1;48;78;1;16;27
0;2;1;1;2;0;51;71;5;38;9
1;1;0;0;1;1;82;57;9;20;14
0;2;1;1;0;0;74;79;10;35;32
0;2;0;2;0;1;53;73;20;43;26
0;2;0;1;1;0;87;48;5;35;32
0;0;1;1;0;0;65;59;9;9;13
1;1;1;0;1;1;70;69;2;33;2
0;1;1;2;1;0;57;75;15;48;44
0;0;1;0;0;1;38;68;8;30;13
1;1;1;2;0;1;85;72;10;12;25
0;0;1;1;1;0;59;80;22;55;31
0;1;1;1;1;0;48;51;3;31;32
0;0;1;0;1;1;45;93;2;32;21
0;0;1;1;0;1;76;73;13;32;37
0;2;1;2;0;0;64;42;5;26;2
0;2;1;1;2;1;38;75;18;72;4
0;0;1;1;2;0;48;62;11;18;23
1;1;1;0;0;1;63;78;13;33;38
0;0;0;1;0;1;13;96;6;39;15
1;2;1;2;1;0;64;56;21;8;5
0;2;0;2;1;0;48;45;27;34;21
1;1;1;2;1;0;69;79;12;39;10
1;2;1;1;2;1;56;54;1;46;7
0;2;0;1;0;0;64;70;5;15;13
1;1;0;1;2;1;73;79;8;9;32
1;1;1;0;0;0;61;68;3;28;19
0;0;1;0;2;1;18;82;18;17;10
1;1;1;0;0;0;70;53;20;31;25
0;1;0;2;1;0;70;73;23;10;10
0;2;0;0;0;1;55;47;8;37;7
1;2;1;0;1;1;54;73;30;19;21
1;1;0;2;1;1;75;82;16;14;14
1;2;0;2;2;0;67;80;5;19;12
0;2;1;1;2;0;48;60;14;50;36
1;1;1;1;2;0;67;65;6;22;21
0;1;0;1;1;0;58;53;4;21;12
0;0;1;1;0;0;33;66;9;48;28
0;2;0;2;0;0;42;43;7;14;8
1;1;1;1;1;1;77;52;5;69;47
0;1;1;2;2;0;74;60;12;7;10
0;0;0;2;0;1;55;106;46;11;2
1;1;1;0;0;0;74;91;1;41;38
1;2;0;2;0;0;50;64;5;41;8
0;1;1;2;2;0;68;86;32;35;45
1;2;1;2;1;1;65;42;31;16;9
0;0;1;1;0;1;62;50;26;25;29
0;1;0;2;1;1;84;49;0;13;31
1;1;1;2;2;1;69;73;23;41;35
1;1;1;2;2;0;56;51;11;42;22
0;2;0;1;1;1;59;83;6;9;26
1;0;0;2;0;1;48;95;6;24;4
1;0;0;0;0;1;70;81;15;25;10
1;0;0;1;2;1;69;67;3;47;4
1;0;0;1;2;1;65;85;0;17;34
0;0;1;1;0;1;82;61;23;40;32
0;0;1;0;1;0;60;67;19;34;10
1;2;0;1;0;0;70;107;4;50;25
0;2;0;2;1;1;73;64;11;48;13
0;2;1;2;1;1;72;71;8;47;10
0;2;1;0;1;0;81;68;5;27;12
0;0;1;1;2;0;42;75;40;37;15
1;2;0;0;2;0;41;47;9;37;25
0;0;1;1;0;1;68;73;26;38;29
0;1;1;1;2;0;80;112;11;23;20
0;2;0;0;0;0;43;98;0;20;2
0;1;1;1;0;0;34;93;9;39;29
0;1;1;1;0;0;50;68;16;29;17
0;1;0;0;0;1;63;76;6;31;38
1;0;0;0;1;1;80;69;2;34;0
1;1;1;2;2;0;76;76;7;47;27
1;0;1;1;1;1;46;52;15;27;16
1;2;0;2;2;0;84;79;19;36;26
1;1;1;1;2;1;40;62;14;38;4
0;1;0;0;1;1;63;57;9;12;2
0;2;0;0;2;1;29;75;14;16;6
0;2;0;2;2;0;89;71;14;24;9
0;0;1;2;2;1;68;61;29;38;24
1;1;0;2;2;1;56;90;28;32;27
1;2;1;2;1;1;69;52;4;31;23
0;0;1;1;2;1;55;76;7;18;22
0;1;1;0;2;0;84;64;12;31;18
1;1;0;0;2;1;24;87;4;16;22
0;2;1;0;0;1;75;88;15;42;44
1;2;1;2;1;1;71;79;4;28;3
1;0;0;0;0;0;76;59;22;27;27
1;0;1;1;0;0;69;78;4;40;26
1;2;0;2;0;0;68;82;28;70;24
0;1;0;1;0;0;86;88;12;13;20
0;2;0;0;1;1;70;88;18;6;28
1;2;0;1;2;1;76;96;5;14;1
0;2;1;0;2;1;28;65;3;16;11
1;2;0;1;1;1;60;77;26;28;20
1;1;1;2;2;1;39;73;11;7;24
1;0;0;0;0;1;43;75;5;55;26
0;1;0;0;2;1;61;83;24;11;56
0;1;0;2;1;0;34;67;23;21;34
0;0;0;2;2;1;45;77;2;26;28
0;2;1;2;1;0;64;77;9;51;43
1;0;0;2;1;1;47;60;18;43;16
0;1;0;0;1;1;51;74;12;18;9
0;1;1;1;2;1;63;80;16;19;4
0;2;1;0;1;0;43;56;17;15;17
1;2;0;2;2;0;59;86;20;14;11
1;2;0;1;0;0;60;43;9;60;41
1;0;0;2;2;1;58;91;13;44;6
0;2;0;0;0;1;89;84;33;38;21
1;1;1;0;0;1;61;92;1;52;46
1;0;0;0;2;0;43;55;14;18;9
1;2;0;0;2;1;53;70;9;26;38
0;1;0;0;1;1;69;88;12;41;7
0;0;0;1;1;1;72;55;23;24;18
0;2;0;2;1;0;66;52;27;11;29
1;0;0;0;0;0;67;75;38;36;22
1;2;1;1;0;0;44;68;9;50;26
0;2;1;1;1;1;64;75;3;23;15
0;0;0;2;1;0;68;69;21;12;20
1;0;1;0;2;0;66;43;25;46;22
1;0;0;2;2;1;57;77;28;21;6
0;1;1;0;2;0;61;75;26;49;22
1;0;0;1;0;1;40;35;1;30;7
0;1;1;0;2;0;78;73;7;29;16
0;0;0;2;1;0;62;69;18;48;4
0;0;1;0;1;1;52;71;18;26;19
0;0;1;0;1;1;53;41;0;34;24
1;1;1;0;2;1;41;120;19;35;1
1;1;1;0;0;1;71;44;19;16;30
1;0;1;2;0;0;63;74;3;7;11
1;0;1;2;0;0;26;51;19;60;29
0;2;1;0;2;0;73;66;15;3;1
1;2;1;0;0;0;53;66;14;30;20
0;0;0;1;1;0;43;65;15;32;5
0;2;1;0;0;0;47;60;8;36;37
0;2;1;1;0;0;47;53;15;3;0
1;1;0;1;2;1;56;68;2;24;29
0;0;0;0;1;0;44;61;19;5;35
0;1;1;1;0;0;60;80;9;49;17
0;0;0;2;2;1;56;51;13;29;22
1;0;0;2;1;1;28;86;29;22;18
0;1;0;1;2;0;36;63;9;36;33
1;1;0;2;0;1;63;67;23;23;10
1;0;1;2;2;1;89;75;12;68;26
0;2;1;0;1;0;68;33;17;18;28
0;0;0;0;2;1;67;67;42;50;26
0;2;0;0;2;0;52;57;1;23;16
1;2;0;2;2;1;75;77;12;31;5
0;2;1;1;0;1;53;65;28;14;34
1;0;1;1;1;0;51;68;10;22;8
0;2;1;0;2;0;31;82;1;41;3
0;2;0;1;0;1;74;51;5;20;22
0;0;0;2;0;1;73;77;10;64;25
1;2;0;1;1;1;61;83;0;34;22
1;1;1;2;1;1;56;51;17;35;12
1;1;1;1;0;1;74;77;21;31;13
1;1;0;2;1;1;49;79;17;2;16
1;0;0;1;1;1;77;63;8;40;2
0;0;1;2;2;1;71;70;14;34;22
0;1;0;0;2;1;67;47;6;3;21
1;2;0;1;1;1;43;83;1;56;19
0;0;0;1;1;1;40;90;27;30;26
0;2;0;0;2;0;86;82;9;4;24
0;1;0;0;2;1;61;83;22;14;17
0;0;0;1;2;1;60;93;5;1;16
0;1;1;2;1;1;94;84;7;17;27
0;2;1;2;1;0;49;79;19;33;17
0;0;1;0;0;0;51;44;3;30;0
1;1;0;2;1;1;60;80;18;14;25
1;0;1;0;2;0;35;61;28;7;31
0;1;0;0;0;1;60;101;12;47;33
0;0;0;1;2;1;55;58;27;5;33
0;2;1;0;1;1;23;55;9;25;1
1;1;0;0;1;0;92;81;32;30;16
0;2;0;2;2;0;69;55;11;16;4
1;0;0;2;2;1;78;69;18;34;32
1;1;0;1;1;1;33;46;9;28;12
0;1;0;0;2;1;35;87;8;34;26
0;0;0;1;2;1;49;79;25;25;3
1;0;0;2;0;1;46;53;12;67;17
1;0;0;0;2;1;67;78;0;16;12
1;1;1;1;2;0;48;82;16;8;53
1;2;1;1;0;0;44;59;8;33;41
0;1;0;2;2;1;48;63;25;41;24
1;2;0;1;2;0;58;80;1;38;9
1;2;1;0;1;0;68;82;15;32;6
1;0;1;2;1;0;43;69;19;18;7
0;0;1;2;0;0;88;76;35;23;47
1;0;0;0;1;1;61;50;26;42;13
0;0;1;2;1;1;45;55;17;20;6
1;0;0;0;0;0;64;76;37;53;20
1;0;0;0;0;0;85;99;15;38;22
0;0;1;1;1;0;82;50;6;35;9
1;2;0;1;2;0;60;53;7;56;25
0;1;0;1;2;1;41;57;30;19;9
0;2;1;0;1;1;60;57;23;22;21
1;2;0;1;1;0;89;65;1;49;14
1;2;1;2;1;0;58;91;7;61;17
0;0;0;1;2;1;65;64;9;36;15
0;2;1;1;1;0;52;64;30;14;19
0;2;0;1;2;0;54;57;9;61;16
0;2;1;0;2;1;76;103;20;21;20
1;0;0;0;0;0;94;86;15;15;28
0;2;0;0;2;1;33;94;7;8;7
0;2;0;1;0;1;75;71;2;40;9
0;1;1;1;2;0;47;71;10;26;12
1;0;1;2;0;1;60;66;5;30;19
1;0;0;1;0;1;40;112;4;9;27
0;1;0;1;0;0;83;68;24;31;21
1;1;1;0;2;1;45;84;8;34;21
0;2;0;0;0;1;62;74;23;53;8
1;1;1;0;1;0;38;61;22;13;27
1;1;1;0;2;0;63;79;25;35;27
1;0;1;2;0;1;34;52;1;36;18
1;1;1;0;1;1;74;61;20;42;12
0;2;0;1;1;0;88;49;16;46;15
1;2;1;2;0;1;54;61;22;37;24
0;0;0;1;1;1;32;104;28;18;34
1;2;1;0;2;1;17;60;17;51;39
1;0;1;0;2;0;32;75;13;62;27
1;0;1;0;1;1;60;61;1;37;30
0;1;1;0;0;0;55;100;7;22;28
1;0;1;0;1;1;80;75;37;43;46
1;2;0;2;1;1;61;42;12;28;18
1;1;0;0;0;0;61;75;10;14;19
1;2;0;2;0;0;60;72;51;31;35
1;1;0;1;0;0;54;46;23;11;18
1;0;1;0;2;0;48;85;4;45;20
1;2;0;2;1;0;64;77;15;23;21
0;2;0;1;0;0;70;85;26;25;15
0;1;1;1;1;1;46;54;22;14;20
1;2;0;2;1;0;36;59;10;37;1
1;1;1;0;1;1;42;100;8;43;35
0;2;1;0;1;1;23;66;13;22;14
0;2;0;0;1;0;62;82;5;29;34
0;2;1;0;1;1;63;54;13;10;11
0;0;1;1;0;1;35;52;16;39;8
0;0;1;1;0;1;92;109;3;52;34
0;0;1;2;0;1;50;78;21;25;25
1;1;1;2;2;0;52;36;9;9;11
1;2;1;1;1;1;38;62;17;42;40
0;2;0;2;0;1;23;64;12;44;32
1;0;0;1;2;0;28;68;0;20;12
0;1;1;1;1;1;37;54;3;45;6
1;0;0;1;0;1;56;63;16;13;17
1;2;1;0;0;0;55;69;31;4;34
0;2;0;2;1;0;54;49;8;36;14
0;1;1;0;0;0;32;44;29;30;14
0;1;0;1;1;1;59;56;10;3;31
0;0;1;1;1;0;73;76;30;40;50
1;1;0;0;1;0;60;51;21;25;27
0;1;0;0;0;0;55;46;21;7;5
1;0;0;2;2;1;56;85;8;32;14
0;2;0;1;1;0;49;98;2;30;32
0;2;1;0;2;1;78;71;5;58;3
0;0;0;0;2;1;76;78;10;47;15
1;2;0;0;2;0;86;65;17;51;13
0;1;1;1;0;0;64;92;5;13;30
0;2;0;1;2;1;73;58;28;42;46
0;1;1;1;0;1;66;76;20;12;39
1;1;1;0;2;0;82;62;14;33;23
0;0;1;1;2;0;55;77;20;1;2
0;0;1;0;0;1;82;85;0;12;16
0;0;1;1;1;0;98;93;0;19;11
1;1;0;0;1;1;54;73;23;37;20
0;0;1;1;0;1;41;80;46;23;48
0;0;1;2;1;0;63;74;5;39;0
1;2;0;2;1;0;61;80;7;50;1
0;2;0;2;1;0;42;47;3;50;18
1;1;0;1;1;0;51;52;16;20;53
1;1;0;2;2;0;50;73;8;26;34
1;1;1;1;0;0;68;40;18;24;31
1;2;1;2;1;0;46;86;30;44;43
0;2;0;1;2;1;60;86;5;32;12
1;1;0;0;0;1;53;69;5;3;22
1;0;1;2;1;0;43;98;25;27;24
0;0;1;2;2;0;82;65;26;20;18
0;1;1;1;0;1;51;51;15;49;6
0;0;1;1;1;0;67;46;19;21;20
1;2;1;2;1;1;77;55;20;23;17
1;0;0;0;2;1;44;57;33;24;47
0;2;1;2;0;1;92;70;31;30;51
0;1;0;1;0;1;69;42;5;27;17
0;1;0;2;2;0;66;54;9;22;37
0;1;1;0;1;0;46;88;20;15;31
0;2;0;0;2;1;60;45;25;8;7
1;2;1;0;2;0;63;78;1;54;15
0;2;1;0;0;1;49;69;17;46;22
0;2;0;2;1;1;17;78;40;41;17
1;1;0;1;0;1;70;78;22;53;38
1;0;1;2;0;0;62;103;18;51;6
1;0;1;2;1;0;58;62;4;7;7
1;2;0;2;1;1;46;61;40;3;15
1;0;0;1;1;0;52;76;19;42;40
1;0;1;2;1;0;63;51;0;31;29
0;2;0;0;1;1;56;56;3;42;38
1;1;0;2;2;0;53;107;25;19;21
0;0;1;0;2;1;51;61;25;52;2
0;2;0;0;0;0;45;65;12;36;16
0;0;0;1;0;0;108;77;23;9;55
0;2;0;0;1;1;65;68;23;32;13
1;2;1;2;1;0;52;75;15;48;1
1;2;1;2;1;0;52;79;25;44;44
1;2;1;1;0;0;35;75;39;25;30
1;1;0;0;1;0;74;44;35;52;20
1;2;1;0;2;0;60;48;17;22;31
1;2;0;1;2;0;61;28;26;7;9
1;0;1;0;1;0;53;87;23;50;28
0;0;0;2;0;1;68;80;15;41;45
1;1;0;1;2;0;77;51;15;19;28
1;1;1;0;1;1;43;61;19;47;27
0;1;0;1;2;0;67;50;15;5;31
1;2;0;2;2;1;63;65;13;50;42
1;2;1;2;1;0;72;83;5;40;29
0;2;0;1;2;1;40;80;33;46;38
1;2;0;1;2;1;79;77;31;46;18
1;1;1;0;1;1;50;65;3;19;21
1;0;1;0;1;0;49;77;14;38;13
0;2;1;1;0;1;79;102;9;24;20
1;2;0;0;0;1;39;69;15;35;15
0;0;0;0;1;0;99;56;14;37;49
0;1;1;2;2;1;5;74;34;46;43
1;1;0;2;2;0;80;90;0;34;24
0;2;0;0;0;0;67;56;10;34;31
1;0;1;2;2;1;44;74;11;51;2
0;0;1;2;2;1;36;67;4;9;41
0;2;1;2;2;0;97;79;7;17;27
1;1;0;0;2;0;54;44;4;7;1
1;1;0;1;2;1;60;94;28;44;26
0;1;0;1;0;1;47;73;21;28;23
0;1;0;0;1;0;45;83;29;19;20
1;2;1;1;1;1;65;62;12;30;16
0;1;0;1;2;0;28;65;8;48;38
0;1;0;0;0;0;72;66;10;37;18
1;2;0;2;0;1;60;52;34;47;35
0;2;0;0;1;0;63;61;39;21;29
1;0;1;2;0;0;36;81;30;50;17
0;0;0;0;2;0;65;85;15;48;28
0;2;0;1;1;1;48;64;22;33;5
0;2;0;2;1;0;38;53;16;8;8
0;2;0;1;2;0;69;61;11;15;34
1;0;0;0;1;1;68;95;5;11;12
1;2;0;0;2;1;78;52;8;32;22
1;2;1;0;1;1;77;73;5;46;18
0;0;0;2;0;0;46;95;14;36;28
1;0;1;0;2;0;63;69;17;26;2
0;0;1;1;1;1;35;38;2;20;17
1;1;1;2;2;0;66;74;3;61;29
0;2;0;0;1;0;65;94;10;40;12
0;2;0;2;2;1;69;69;1;34;25
0;1;0;0;1;1;56;69;16;24;30
0;2;1;2;0;1;71;104;22;25;9
0;0;0;1;0;0;75;33;12;42;29
0;0;0;0;0;1;74;70;18;29;7
1;1;0;2;0;0;66;66;14;37;38
1;2;0;2;0;0;89;79;33;36;17
1;0;1;1;1;1;55;63;22;32;42
1;1;1;2;1;0;44;38;6;22;25
1;2;0;2;0;1;56;60;14;27;29
0;2;0;1;1;1;51;52;2;38;20
1;1;0;0;1;1;2;59;62;87;68
0;0;0;1;0;0;4;67;90;90;54
1;2;0;2;2;0;13;49;71;61;58
1;0;1;2;0;1;17;48;71;80;52
0;0;1;2;0;1;31;27;80;92;58
1;1;1;0;0;1;19;58;62;32;35
0;0;1;1;0;1;33;42;77;62;61
1;0;1;2;2;0;10;62;82;79;44
1;1;1;1;1;0;41;46;80;93;53
1;0;0;0;2;1;36;56;82;105;71
1;1;0;2;2;0;7;32;62;91;43
0;2;1;0;0;1;2;32;90;64;66
0;0;0;0;2;0;15;19;81;77;35
0;2;0;0;0;0;47;25;57;60;66
0;0;0;1;1;1;17;34;81;75;25
1;2;0;2;2;1;39;69;75;73;62
1;1;1;2;2;0;14;37;85;104;72
1;2;0;0;1;0;17;39;110;60;73
0;1;1;2;0;1;26;67;79;72;51
0;1;0;0;1;0;27;51;79;57;62
0;2;1;2;0;1;22;51;95;0;33
1;1;0;1;0;1;34;54;72;82;74
0;1;1;2;2;1;24;91;62;78;40
0;1;0;0;1;1;46;63;90;64;54
0;0;0;2;2;0;21;46;49;76;42
0;0;0;0;1;1;17;54;64;69;45
1;1;0;2;1;0;32;46;76;72;48
0;2;1;2;0;1;3;17;63;48;65
1;2;1;1;1;0;15;54;69;71;59
1;0;0;0;1;0;13;75;79;71;47
0;0;1;0;1;1;50;41;94;83;62
0;1;0;1;2;1;33;64;79;90;53
1;2;1;1;1;0;17;53;77;40;39
1;0;1;2;2;1;10;43;58;74;64
1;1;0;1;2;1;22;59;85;96;56
0;2;0;2;2;1;9;46;58;73;45
1;1;1;0;0;0;26;48;76;72;61
0;0;0;0;0;1;2;77;72;104;68
0;0;1;0;0;0;30;37;87;68;38
1;0;0;1;2;1;21;45;71;71;63
1;0;1;1;1;0;41;63;64;74;48
0;0;1;1;0;0;27;31;74;58;52
0;1;1;0;1;0;20;56;76;57;55
1;1;0;1;2;1;48;51;73;98;52
0;0;0;0;2;1;9;25;78;76;66
0;0;1;2;2;0;6;35;77;58;66
0;0;0;2;0;1;25;57;76;67;44
0;1;0;1;0;1;18;38;79;62;42
1;0;0;2;2;0;12;39;53;48;41
1;0;0;2;1;1;23;59;100;53;45
1;2;0;2;0;1;17;67;67;67;85
1;1;0;2;2;1;7;37;83;60;35
1;0;0;2;0;0;54;46;43;82;55
0;1;1;1;1;0;13;39;88;75;53
0;1;1;2;0;0;22;48;92;83;35
1;2;0;2;0;0;16;58;94;78;59
1;2;0;2;0;0;11;27;98;23;35
1;1;1;1;2;1;12;49;89;58;32
0;2;1;2;2;1;38;54;66;92;52
1;2;1;1;0;0;41;73;111;82;60
0;2;0;1;2;0;34;53;57;102;42
0;0;0;0;0;1;26;31;74;55;53
0;2;0;2;2;0;37;72;95;58;55
0;0;0;2;1;1;4;54;68;78;46
1;2;0;2;0;0;34;52;69;42;44
1;0;0;0;1;0;32;35;100;62;51
0;1;1;0;1;0;13;26;102;53;41
0;1;0;1;1;1;21;45;81;89;74
1;2;1;2;2;0;42;44;79;65;52
1;2;1;2;2;1;23;32;77;62;52
1;0;1;0;2;0;33;44;80;62;47
1;1;1;2;0;1;16;46;35;46;41
1;2;1;1;0;1;9;54;111;60;45
1;2;1;1;2;1;30;52;111;69;71
1;0;0;0;0;1;29;71;67;88;62
0;1;1;0;2;1;21;36;93;94;65
0;2;0;2;1;1;18;35;82;88;58
1;1;0;1;0;0;18;71;71;87;73
1;1;0;0;2;1;28;31;71;71;26
0;0;1;0;0;1;20;47;67;60;29
1;0;0;0;1;0;1;51;76;86;74
0;0;1;2;1;1;27;57;100;106;56
0;0;1;1;1;1;2;28;91;57;61
0;2;1;0;0;0;13;67;92;90;45
0;0;1;1;0;1;8;49;93;80;58
0;0;1;2;0;0;1;35;81;47;41
0;0;0;2;1;0;30;33;94;76;40
1;2;1;1;1;1;17;59;79;96;47
0;2;0;1;1;1;21;52;74;52;50
0;2;1;1;1;1;7;13;100;50;47
1;2;0;1;1;1;38;62;75;80;42
1;1;0;0;2;0;29;55;90;37;53
1;2;1;2;2;0;26;44;100;64;47
1;0;1;2;1;1;35;43;88;82;51
1;2;0;2;2;0;43;47;71;71;37
0;2;1;0;1;1;36;84;94;93;54
1;0;0;2;1;0;18;52;56;63;44
1;1;1;0;0;0;26;61;97;61;52
1;1;0;1;2;1;43;74;87;68;45
0;2;0;1;0;0;22;46;81;108;40
1;2;0;2;1;0;29;25;94;70;41
1;2;1;1;1;0;7;49;103;85;56
0;0;0;0;1;1;27;51;95;49;32
1;1;1;0;1;1;2;39;69;52;66
0;1;1;1;1;0;37;42;90;70;55
1;2;1;1;0;0;21;41;96;92;71
1;1;1;0;2;1;17;72;73;92;50
1;2;0;0;0;0;23;1;83;39;62
0;0;0;0;0;0;6;65;94;65;31
0;1;0;2;0;0;10;63;57;75;63
1;2;1;0;1;0;4;79;64;53;58
0;1;1;2;1;0;28;39;77;65;66
1;1;1;1;2;0;14;53;113;80;49
0;1;0;1;1;1;17;51;74;73;48
1;0;1;2;1;0;26;54;125;56;69
1;1;0;1;2;1;37;63;67;57;50
1;2;0;2;0;1;43;59;105;99;78
0;2;1;0;0;0;36;49;100;86;48
0;2;1;2;0;1;31;30;46;42;44
1;0;1;2;1;1;28;58;53;69;55
0;2;1;0;2;1;14;48;108;84;41
0;1;1;1;1;0;11;30;60;63;36
0;0;1;1;2;1;21;43;52;55;39
0;2;1;0;2;0;31;54;109;39;52
0;2;0;0;1;1;7;61;89;76;68
1;2;1;1;2;1;8;64;80;70;48
1;0;0;1;2;0;40;23;75;76;30
1;2;1;0;2;1;5;36;82;87;66
0;0;1;1;1;0;28;50;68;71;58
1;0;0;1;1;1;2;61;89;83;55
0;1;1;0;0;0;17;40;97;83;45
0;2;1;0;1;1;21;31;62;61;49
0;1;0;0;1;0;11;49;54;85;48
1;2;1;2;1;1;4;71;123;63;44
1;0;0;2;0;0;29;49;61;57;44
1;0;0;0;2;0;7;63;82;67;55
0;2;1;0;2;0;41;58;100;118;69
0;2;1;1;2;1;17;37;83;44;65
0;0;1;2;0;0;6;48;71;38;61
0;0;0;2;2;0;16;47;53;86;31
1;1;1;0;0;0;21;76;67;61;56
1;0;0;0;1;0;19;37;63;104;50
1;1;0;1;2;0;28;28;85;77;43
1;1;0;1;0;1;15;72;88;42;56
0;1;0;0;2;0;3;69;75;97;41
1;1;1;1;0;1;41;59;64;51;57
1;2;0;1;0;0;14;54;77;76;26
0;1;1;2;0;0;44;47;66;103;31
0;2;0;2;1;1;11;49;99;79;37
0;2;1;2;1;1;29;53;58;88;42
0;0;0;1;1;1;3;63;90;79;59
0;2;0;1;0;1;15;35;91;79;51
0;1;0;0;1;0;2;46;70;58;63
1;2;0;2;0;0;14;34;83;60;57
0;1;1;0;1;0;47;64;82;83;56
0;0;0;1;1;1;14;66;62;104;47
0;0;1;2;0;1;27;48;92;73;67
1;0;1;1;0;1;32;55;64;49;38
1;1;0;0;2;1;24;55;86;62;58
1;0;1;2;1;0;53;43;59;72;43
1;2;0;1;1;0;19;46;64;66;44
1;0;1;0;0;1;42;48;82;45;64
1;0;0;0;2;1;36;39;68;88;48
0;2;0;0;2;0;19;36;58;63;67
1;2;1;0;1;0;44;39;82;58;53
1;2;1;1;2;0;33;47;81;98;15
1;0;0;1;0;0;31;63;114;69;61
1;0;1;0;0;0;8;47;86;64;73
1;1;1;2;0;1;29;60;95;73;41
1;1;0;1;1;0;46;65;85;77;58
1;1;0;2;2;1;21;45;75;53;66
0;0;0;0;1;1;37;45;83;72;36
1;1;1;0;2;1;0;70;53;107;67
0;2;1;0;2;1;18;41;90;67;46
0;1;1;0;0;1;47;54;100;99;78
1;0;1;1;0;1;8;42;68;51;59
0;2;0;2;0;0;5;43;67;81;16
0;2;1;1;1;0;21;64;65;81;72
1;0;1;1;1;1;38;25;69;70;29
0;2;1;2;0;1;42;37;103;67;59
0;0;0;2;1;1;28;48;109;55;45
0;1;0;2;1;0;19;44;94;91;56
0;1;1;2;2;1;9;76;93;89;52
0;1;1;2;1;0;8;50;99;45;32
0;1;1;0;1;0;23;38;86;86;70
1;1;1;0;2;0;10;34;93;74;45
0;2;0;2;0;0;28;49;70;62;48
0;2;1;0;1;0;5;51;67;78;43
1;0;0;2;1;0;31;59;97;101;49
0;2;1;1;0;1;3;70;96;70;58
1;0;0;1;2;0;26;67;68;65;68
1;2;1;2;2;0;27;48;63;61;65
0;1;1;2;1;0;24;48;129;80;41
1;2;0;1;0;1;29;70;65;89;37
0;1;0;2;0;0;42;40;93;94;54
1;0;1;1;1;0;18;47;74;98;46
1;1;0;1;1;0;19;76;61;90;65
1;0;1;0;0;1;36;29;74;34;35
1;2;0;1;2;1;30;25;72;56;45
1;1;0;0;0;1;0;30;74;68;51
0;0;0;1;0;0;3;62;75;61;68
0;2;0;2;1;0;21;48;95;73;36
1;2;0;1;1;0;1;49;77;73;33
1;1;0;0;2;1;30;54;76;105;71
0;1;1;1;2;1;9;50;78;81;32
1;0;1;2;1;1;7;34;78;90;39
1;1;0;0;2;0;40;70;92;72;59
1;2;0;2;2;1;17;46;94;74;45
1;0;0;0;0;0;13;45;83;58;28
0;1;0;1;1;1;9;31;94;83;40
0;0;1;1;0;0;9;76;81;92;72
0;2;0;2;2;0;17;27;55;57;62
0;2;0;2;1;0;13;46;77;67;63
1;0;1;1;1;0;5;22;93;42;49
0;2;1;2;2;0;30;37;96;56;37
1;0;1;0;2;0;17;37;64;83;70
1;1;0;1;0;0;17;51;83;50;46
0;2;1;0;1;0;1;62;75;47;49
0;2;0;0;1;1;45;53;81;56;45
0;1;1;1;1;1;12;14;80;77;51
1;0;1;0;2;0;12;73;55;91;42
0;2;1;0;2;1;12;66;89;67;45
0;0;0;0;2;1;17;48;45;88;28
0;1;0;0;1;0;29;68;86;97;35
0;1;1;0;0;1;52;30;42;102;52
1;2;1;1;0;0;6;20;63;57;56
1;1;1;2;2;1;21;47;99;71;61
1;2;1;1;0;0;1;58;119;61;54
0;0;1;0;2;0;2;50;67;82;48
0;2;0;0;1;1;51;37;92;80;60
0;0;1;0;2;0;15;50;68;61;37
0;2;1;2;1;0;43;41;82;86;48
0;2;0;2;1;1;10;65;62;59;41
1;0;1;1;1;1;44;34;64;66;51
1;1;0;0;1;0;42;50;75;72;57
1;2;0;0;0;0;11;28;79;93;66
0;2;0;1;2;1;37;71;76;55;50
0;2;1;0;1;1;2;64;71;70;46
0;0;0;1;1;0;0;67;76;72;27
0;2;0;1;2;1;9;41;58;73;76
1;1;1;2;2;1;31;23;58;91;55
0;2;1;1;0;1;27;34;86;74;51
1;2;1;2;1;1;7;48;68;86;23
0;1;0;0;2;1;31;48;68;54;47
1;0;1;2;0;0;12;50;83;52;51
1;2;1;2;2;1;38;56;86;67;52
0;2;0;2;2;0;24;68;113;87;52
1;1;1;1;2;1;41;47;78;82;49
0;1;1;0;2;1;30;43;88;86;21
1;1;0;2;2;0;59;58;87;44;35
1;0;0;2;2;0;15;37;66;86;48
0;1;1;2;2;0;7;48;75;69;26
0;0;1;0;0;0;17;53;77;74;37
0;0;1;2;1;0;33;80;74;82;44
0;1;0;0;2;0;32;76;115;73;56
0;2;0;0;2;1;22;64;79;63;54
0;0;0;1;2;1;7;39;63;110;16
1;1;0;2;1;0;17;20;84;80;39
0;1;0;2;2;0;48;55;82;61;50
0;0;1;0;0;1;24;45;74;53;42
1;1;1;0;2;1;12;34;98;71;75
0;2;0;0;2;1;0;42;67;71;49
1;0;0;2;0;0;4;50;51;72;52
0;0;0;1;0;0;12;74;85;67;41
1;0;1;2;0;0;24;46;88;77;39
1;2;1;2;2;0;6;61;78;101;24
0;1;0;2;1;1;11;54;82;96;57
1;0;0;2;2;0;7;65;69;86;57
0;2;0;2;0;0;16;43;70;50;61
1;1;1;1;2;1;24;67;82;94;73
0;1;0;0;1;1;16;48;49;42;58
1;0;0;1;1;0;22;36;62;31;74
0;2;0;2;0;1;15;20;71;70;60
0;2;1;2;1;0;13;46;64;29;47
0;0;1;0;0;1;15;16;81;80;66
1;0;0;0;1;0;7;54;72;66;24
0;2;1;2;0;1;15;41;82;92;49
1;0;1;2;2;1;42;55;86;77;50
0;0;0;2;2;0;26;45;111;59;32
0;2;0;1;0;1;16;46;60;50;45
1;0;0;2;2;1;17;44;44;75;62
1;1;1;0;0;0;16;53;100;82;42
1;2;0;0;0;1;5;30;63;63;50
1;0;0;2;2;1;21;63;89;75;57
1;0;0;2;0;0;13;34;65;81;46
0;0;1;0;0;1;41;51;64;86;38
1;1;1;2;0;0;28;39;42;79;56
0;2;0;0;2;1;11;59;80;97;42
0;0;0;1;1;1;7;57;99;69;63
1;2;0;2;1;1;24;58;87;93;35
1;2;1;2;2;0;58;50;87;62;68
0;1;1;0;2;1;35;73;82;63;41
1;2;1;0;1;0;23;53;67;84;68
0;2;0;1;1;1;11;23;63;92;17
1;1;0;2;2;0;20;59;81;41;57
1;2;1;0;2;1;47;68;101;98;38
0;0;0;2;0;0;1;81;70;76;40
1;2;0;2;1;1;14;74;108;81;57
0;0;1;1;0;0;22;44;75;104;56
1;2;0;1;0;0;31;40;88;48;45
1;1;0;2;2;1;34;19;47;59;36
1;1;1;0;2;0;16;48;71;77;48
1;2;0;1;1;0;30;48;78;62;48
0;2;1;1;2;1;23;81;84;95;56
0;1;1;1;0;1;1;44;100;109;38
0;0;0;0;1;0;28;37;58;65;38
0;2;0;0;1;0;27;57;101;61;45
1;0;0;2;2;0;43;48;51;103;64
0;0;1;2;0;1;39;65;76;87;43
1;2;0;0;2;0;10;48;93;52;75
0;2;1;2;2;0;6;58;51;70;63
0;0;0;2;0;0;24;35;104;67;70
0;1;0;2;1;1;14;19;103;76;50
0;2;0;1;0;0;16;57;95;60;29
0;2;0;0;0;1;36;29;69;74;55
0;1;1;0;0;1;3;23;111;68;59
0;2;1;0;2;0;21;66;89;52;68
0;0;0;1;1;1;48;45;52;73;50
0;1;1;2;0;1;15;55;71;59;24
1;2;0;0;1;1;34;74;85;60;41
1;2;0;2;0;0;23;62;72;95;54
0;1;0;2;2;1;26;31;95;77;51
0;0;1;2;1;0;18;56;64;55;67
1;1;1;1;2;1;35;54;85;87;44
0;0;0;2;1;1;22;68;118;53;46
0;1;1;2;0;1;33;34;92;69;64
0;2;0;0;1;0;11;55;66;97;40
0;2;1;0;0;0;30;62;100;56;63
1;1;1;2;1;0;24;41;110;29;47
0;0;0;0;1;1;51;40;110;92;73
0;2;1;2;2;1;14;59;90;45;32
0;0;1;0;0;1;31;54;79;55;56
1;2;1;2;0;0;21;55;94;83;27
0;1;1;1;0;1;17;35;93;81;56
0;1;0;2;0;0;12;31;79;55;35
1;0;0;0;1;1;16;70;73;64;76
1;2;1;0;2;1;20;40;45;48;48
1;1;1;2;2;1;18;23;54;61;41
0;1;0;2;0;0;29;38;83;63;16
0;0;1;0;1;1;22;49;80;77;46
0;0;0;2;0;0;12;53;84;70;52
1;1;0;1;2;0;22;49;83;54;39
0;2;1;2;2;1;3;39;67;69;53
0;0;0;1;1;1;12;37;67;91;58
0;2;0;0;1;0;23;67;40;99;20
0;0;1;0;0;0;25;58;45;89;51
0;1;0;0;2;0;31;48;94;105;37
0;1;1;0;2;0;4;58;69;114;58
1;1;0;0;1;1;25;45;98;53;42
1;0;0;2;1;0;36;49;81;56;11
0;1;1;1;1;0;4;48;78;80;61
1;1;1;1;2;1;16;43;74;74;41
1;1;0;2;0;0;19;57;112;56;69
1;0;0;1;0;0;19;62;117;79;53
0;2;1;0;2;1;3;54;74;53;54
1;2;1;1;0;1;3;65;120;88;49
1;1;0;0;0;0;35;22;82;74;47
0;2;1;0;0;0;25;28;67;52;40
1;0;0;0;2;1;12;50;75;77;46
0;0;0;2;0;0;8;60;45;47;43
0;1;0;1;0;0;8;66;96;56;50
0;2;0;1;2;0;23;43;94;57;69
1;0;0;2;1;1;20;35;91;87;62
0;2;1;1;1;1;50;51;106;73;63
1;0;0;0;1;0;14;48;38;58;50
0;0;1;0;2;0;32;51;56;50;80
1;1;0;2;1;0;10;49;77;97;61
0;0;1;0;1;0;6;82;66;74;59
1;1;1;1;1;0;32;56;69;75;47
1;2;1;2;1;0;15;24;79;81;52
1;0;0;2;1;0;42;36;81;53;82
0;2;0;0;1;1;5;62;53;52;29
0;0;1;0;2;1;33;58;83;87;27
0;0;1;2;1;0;31;56;66;57;39
1;2;0;1;1;0;17;55;84;39;58
0;1;0;2;1;1;21;29;83;48;52
1;0;0;1;2;1;10;40;65;89;23
1;0;0;1;1;1;16;59;53;34;49
1;0;1;2;2;1;11;41;96;94;45
0;1;0;2;2;0;22;33;68;68;58
0;0;1;1;1;1;19;62;92;70;31
1;0;0;0;0;0;11;39;53;62;67
1;2;0;1;0;0;38;30;84;50;61
1;2;1;2;1;1;26;50;84;66;29
0;2;0;1;2;0;23;56;86;67;55
1;2;1;1;1;0;12;55;61;63;29
1;1;1;0;0;1;2;34;93;64;44
1;2;0;0;2;1;31;37;102;80;46
1;1;1;2;1;1;29;50;65;78;40
1;2;0;2;0;1;37;32;85;50;42
1;2;1;0;2;0;4;44;85;62;51
0;1;0;2;2;1;25;59;49;87;77
0;1;1;0;1;0;34;26;82;57;56
0;2;1;1;2;0;24;51;103;69;74
0;0;0;0;0;1;38;59;89;97;45
1;0;0;1;1;1;5;55;73;55;59
1;0;1;2;2;0;21;63;81;62;38
1;0;0;0;1;1;22;79;77;79;66
0;2;1;0;1;0;23;64;79;51;14
1;2;0;2;1;1;39;61;75;56;42
1;1;1;1;0;0;11;50;78;73;52
0;2;0;0;2;1;20;58;73;74;67
1;1;1;0;0;1;29;63;69;70;50
0;0;1;2;0;0;24;72;122;91;61
0;2;0;0;1;1;14;38;65;47;28
0;0;0;1;0;1;13;49;77;63;81
0;2;0;2;1;0;11;49;82;40;42
1;0;0;2;1;1;4;65;80;84;58
0;0;1;1;1;0;18;60;107;83;39
1;1;0;1;0;0;9;25;84;95;41
0;2;1;0;0;0;16;64;118;86;63
0;2;1;0;0;1;29;64;112;80;59
1;1;1;2;2;1;23;39;78;51;48
1;0;1;0;0;0;37;70;103;62;70
0;1;0;1;0;0;19;59;66;50;47
0;0;1;1;0;1;42;50;93;62;43
0;1;1;0;0;1;19;33;60;78;48
1;1;1;1;2;1;31;52;62;62;27
1;1;0;1;2;0;4;71;98;110;69
1;1;1;2;2;1;12;40;88;82;59
1;0;0;2;2;1;34;36;68;68;31
1;1;0;2;1;1;1;42;71;82;51
1;2;0;2;0;0;8;44;73;67;54
0;0;1;1;0;1;21;61;77;53;41
0;2;0;2;1;0;29;57;90;78;50
1;0;1;2;2;0;10;38;58;63;57
0;2;0;0;0;0;0;34;99;70;62
1;1;1;0;1;0;18;63;92;64;50
0;2;1;0;2;0;20;63;73;50;44
0;2;1;0;2;0;2;51;57;66;51
1;1;1;2;0;0;16;31;76;79;52
0;2;0;0;1;0;9;54;97;68;21
1;0;1;2;2;0;12;47;109;86;48
0;2;1;1;0;0;5;74;41;69;50
1;0;0;1;0;0;11;40;38;64;68
0;1;1;1;2;0;7;25;73;49;55
0;0;1;1;1;0;6;53;91;98;47
0;1;0;1;0;1;31;72;105;72;68
0;0;0;1;2;0;14;67;97;71;56
0;2;0;2;2;1;29;59;52;46;71
1;0;0;2;1;1;20;59;78;91;71
0;0;0;2;2;0;12;53;69;86;56
0;0;1;1;2;0;9;74;76;95;44
1;2;0;2;1;0;36;56;96;62;59
0;1;1;0;0;0;6;26;74;39;49
0;1;1;1;0;1;11;35;70;61;45
1;0;0;0;0;1;22;64;86;60;36
1;0;1;1;0;0;5;39;55;94;50
0;0;1;0;1;1;13;44;55;77;19
1;0;1;0;0;0;26;62;69;66;67
1;0;1;1;0;1;12;52;119;91;64
1;1;1;1;0;1;8;29;72;81;33
1;2;0;1;1;1;14;66;105;49;87
0;1;1;1;1;1;32;55;75;74;64
1;2;1;2;1;0;15;39;86;74;37
0;1;1;1;0;0;32;47;82;67;52
0;0;0;0;2;1;6;52;69;78;63
1;0;0;2;1;1;6;43;83;39;48
1;1;1;2;2;1;5;82;84;86;75
0;1;0;2;1;1;13;44;82;73;34
0;1;0;1;1;1;21;48;73;69;46
1;1;1;0;2;0;0;28;69;76;54
1;0;0;0;0;1;12;38;38;102;40
0;2;1;1;0;0;17;65;69;65;51
1;0;1;0;2;1;41;41;76;85;59
1;0;0;2;2;1;23;41;112;88;54
1;0;1;1;2;1;42;71;73;101;51
0;0;0;0;2;0;20;46;81;76;63
0;1;0;1;2;0;43;38;74;60;58
0;0;1;2;0;1;35;52;90;90;67
1;0;1;1;2;1;25;68;52;92;48
1;0;0;1;1;1;12;42;86;68;51
1;2;0;1;2;1;26;37;119;81;64
0;1;1;2;0;1;14;75;58;75;41
1;2;1;1;0;1;42;26;105;88;40
0;2;0;1;1;0;23;42;105;60;69
1;1;1;1;2;0;8;63;75;74;37
1;0;1;1;1;0;20;28;78;75;29
1;0;1;2;1;1;13;39;69;74;44
1;0;1;0;0;0;34;54;81;79;29
1;0;1;0;2;0;6;53;73;99;61
0;2;1;0;2;1;21;57;84;82;54
0;1;1;1;1;1;31;75;122;77;58
0;0;0;1;1;1;45;39;58;65;41
1;2;1;2;2;1;15;51;77;59;31
1;2;0;1;0;1;16;44;81;92;49
1;2;0;1;1;1;18;52;81;89;43
0;1;0;2;2;0;37;31;98;64;63
0;2;1;1;1;0;29;56;73;67;34
0;2;0;0;0;0;28;45;78;73;75
1;1;0;0;1;0;22;55;65;65;31
1;1;0;1;0;0;52;53;49;70;70
0;0;0;2;0;0;13;46;92;48;52
1;1;0;1;1;1;7;63;111;93;44
0;1;0;0;2;1;11;60;68;72;26
0;0;0;2;1;1;24;26;88;66;32
0;2;1;1;1;1;4;63;54;65;32
0;2;1;2;2;0;30;47;85;80;48
1;1;0;1;0;1;28;62;66;81;49
0;1;1;2;1;0;12;43;70;67;51
0;0;1;2;0;1;12;39;87;44;33
1;2;0;2;2;1;23;74;80;83;59
0;1;1;0;0;1;9;30;47;39;42
1;0;1;2;1;0;18;45;51;74;40
