ID,Sex,Uyum,Durustluk,DisaDonukluk,Nevrotizm,AcikFikirlilik
1,1,0.471,0.78,-2.234,-0.977,3.507
2,1,1.504,0.313,2.707,-1.787,0.342
3,1,-2.253,1.126,-2.45,1.929,-1.033
4,0,2.836,-2.911,1.52,0.264,1.609
5,0,-2.237,-1.339,0.365,-1.123,-0.651
6,1,2.577,-3.396,0.914,-2.602,2.147
7,0,2.17,0.043,-0.396,1.99,0.387
8,0,-2.379,2.635,-1.972,1.681,-0.547
9,0,-0.417,2.556,-2.172,1.851,-1.755
10,0,0.632,-0.286,1.894,-0.371,0.398
11,0,-0.47,-0.986,-0.322,-0.662,2.064
12,0,1.954,1.287,-2.006,0.319,-0.659
13,1,-2.905,2.424,-2.515,0.92,-1.878
14,1,-1.814,-0.419,-0.203,-0.66,0.717
15,1,-1.127,1.549,-2.538,2.35,-1.275
16,0,-2.842,4.089,-2.215,0.583,-1.245
17,1,-2.444,2.425,-1.489,-1.661,0.928
18,0,2.692,-3.76,0.83,-1.765,2.385
19,0,-1.427,1.86,-0.968,1.889,-0.35
20,0,1.615,0.498,0.355,1.176,1.57
21,1,-1.875,1.302,-2.093,1.828,-2.145
22,1,-0.443,-0.962,-1.965,1.024,0.766
23,1,3.622,-4.262,2.631,-1.894,3.329
24,1,2.275,-3.009,2.645,-2.046,1.367
25,1,-0.698,1.464,-2.129,1.924,0.273
26,0,-1.786,4.752,-2.556,2.439,-2.151
27,1,-3.025,1.18,-1.988,2.197,-2.342
28,1,-0.612,0.701,-0.557,-0.133,1.914
29,1,-3.109,1.104,-2.589,-0.69,0.537
30,1,-1.897,3.213,-2.228,1.076,-1.47
31,0,0.307,1.434,-1.203,3.425,-0.886
32,0,-1.413,2.108,-1.884,-1.136,1.648
33,1,-2.046,1.78,-1.007,-3.412,1.541
34,1,3.217,-1.199,1.754,-1.568,2.189
35,0,-0.64,-0.08,-0.393,1.085,2.614
36,0,-0.154,0.436,-2.867,-1.741,2.494
37,0,-1.547,0.991,-2.234,-2.574,0.58
38,0,-1.773,1.833,1.082,-1.329,1.002
39,1,-0.425,1.473,-1.644,-1.788,1.858
40,1,4.018,-0.316,1.504,-4.406,2.364
41,1,1.811,0.32,1.116,-0.749,1.054
42,0,2.099,-1.246,1.424,-2.786,2.262
43,0,-1.953,1.221,-1.626,1.479,-1.342
44,1,0.246,2.157,-0.09,1.674,2.212
45,0,-1.089,0.377,-0.745,-1.471,0.118
46,0,-0.855,0.802,-1.985,2.803,-1.141
47,0,-0.608,0.564,0.175,-0.767,-0.723
48,1,-1.132,0.516,2.741,-0.461,1.212
49,1,3.763,-1.844,0.294,-2.291,1.813
50,1,0.261,2.349,1.271,0.016,1.546
51,0,-1.493,3.211,-1.22,-1.424,-1.041
52,1,1.706,0.753,0.962,0.007,-0.19
53,0,-2.328,2.555,-1.554,1.493,-3.532
54,1,2.146,-1.415,1.992,-1.035,1.987
55,0,-1.433,1.568,-1.648,2.265,-1.885
56,0,-0.576,2.438,1.294,1.013,0.705
57,0,1.055,-3.396,2.095,-2.349,2.141
58,0,-3.22,0.618,-2.837,1.595,-0.797
59,1,1.265,-0.331,2.187,-2.168,2.694
60,1,-0.98,0.817,1.718,-0.707,0.914
61,0,-1.134,-0.408,-0.295,-2.348,0.519
62,0,-1.786,3.869,-0.604,2.05,0.104
63,1,-3.267,1.87,-0.744,1.083,-2.72
64,0,-1.787,3.043,-1.316,4.019,-2.004
65,1,1.437,1.789,0.01,2.114,0.952
66,1,-1.92,1.694,-2.922,2.206,-1.242
67,1,0.924,1.598,0.779,-2.242,1.463
68,1,-0.779,3.604,2.087,-0.339,0.945
69,0,-2.414,2.145,-2.557,2.832,0.569
70,0,-0.817,0.461,0.339,-1.862,1.983
71,1,1.415,0.467,2.117,-1.703,1.317
72,0,2.709,-1.013,1.694,-2.943,1.91
73,1,3.047,-2.241,1.914,-2.054,2.996
74,1,2.144,-0.954,2.441,-1.494,1.881
75,1,1.147,-2.142,2.595,-2.528,1.853
76,1,1.124,1.852,0.367,-1.61,0.842
77,1,-0.081,1.146,-2.081,-0.613,0.919
78,1,2.501,-0.904,0.572,-1.363,-0.078
79,1,4.152,-1.029,4.258,-3.757,3.147
80,0,2.196,-2.6,1.403,-3.389,1.021
81,1,1.945,1.405,-0.223,-1.209,0.983
82,0,1.862,-2.439,2.654,-2.759,0.446
83,0,-0.123,1.343,-1.597,-0.651,1.048
84,1,3.038,-3.699,2.943,-2.293,2.525
85,0,1.433,-0.801,3.238,-2.493,2.891
86,0,-2.518,2.095,-1.961,3.661,-2.517
87,1,-0.547,-0.732,-2.212,-0.77,0.124
88,0,-2.547,0.18,-1.752,0.997,-2.774
89,1,1.42,-2.627,2.345,-2.357,0.097
90,0,-1.109,2.318,-1.971,0.413,-2.082
91,1,3.071,-2.048,3.38,-2.933,2.091
92,0,-1.148,1.967,-2.624,-1.072,1.224
93,0,-1.575,0.855,-1.251,-0.647,1.604
94,0,-3.055,0.529,-1.461,-0.505,2.99
95,1,1.563,0.582,1.243,-2.684,1.038
96,0,3.208,-2.758,1.567,-1.283,1.665
97,0,-1.757,1.314,-1.7,1.297,-3.437
98,0,3.015,-1.313,0.355,-3.453,3.24
99,1,0.677,-0.915,1.366,-2.559,1.382
100,1,0.53,1.465,-1.228,1.286,1.926
101,0,-1.249,2.122,-1.512,2.117,-0.842
102,0,2.996,-1.439,2.315,-1.198,0.621
103,1,1.607,-2.672,0.794,-2.085,1.694
104,0,-2.203,1.266,-0.717,-1.693,-0.031
105,1,-3.083,1.804,-2.378,2.075,-2.876
106,1,2.834,-1.934,5.037,-2.877,1.998
107,0,3.278,-1.956,2.681,-3.581,1.398
108,0,4.134,-2.445,2.271,-1.962,0.855
109,1,2.11,-4.337,1.771,-1.02,0.677
110,0,0.318,-1.472,1.985,-1.441,2.497
111,1,2.453,-1.793,0.959,0.349,2.486
112,1,1.934,-2.093,2.398,-3.025,3.877
113,0,-1.626,3.111,-1.395,3.668,-1.608
114,1,-0.453,0.34,-0.766,-1.483,0.631
115,0,-4.714,1.214,-1.084,2.236,-0.292
116,1,1.108,0.572,0.051,-1.743,1.564
117,0,0.353,-0.933,3.043,-2.679,1.934
118,1,1.552,-0.708,1.624,-1.212,0.766
119,0,-1.625,1.332,-2.402,0.802,-2.352
120,1,0.843,0.574,2.271,-1.659,0.926
121,1,-1.566,2.537,-1.053,2.874,-0.757
122,1,2.403,-2.433,0.97,-2.214,2.128
123,0,3.092,-1.699,2.439,-0.952,2.489
124,0,2.352,0.202,2.047,-0.136,2.09
125,1,1.529,-2.176,2.285,-1.72,0.675
126,0,-2.401,2.462,-1.446,4.804,-2.06
127,0,-2.374,0.57,-2.557,1.501,-2.685
128,0,-1.82,1.288,0.038,-0.874,1.202
129,0,-0.899,3.314,-1.489,3.529,-2.494
130,1,2.661,-0.956,2.115,-0.952,1.282
131,0,-1.076,1.63,-1.853,0.148,-0.494
132,0,-0.275,0.29,-1.735,-0.575,1.309
133,0,-2.675,0.975,0.575,-1.436,-0.904
134,1,0.689,1.269,-0.625,-1.06,0.957
135,0,0.646,0.825,-2.881,1.135,0.804
136,1,2.155,-2.988,1.589,-0.846,1.284
137,1,1.243,-2.351,0.639,-2.728,0.96
138,0,2.03,2.626,3.096,-1.909,0.612
139,1,1.505,-2.25,2.408,-2.793,1.215
140,0,1.985,-0.045,2.053,-2.035,0.73
141,1,-2.451,1.926,0.284,0.706,1.432
142,1,1.9,-0.635,2.221,-0.122,1.498
143,0,-1.681,2.76,-2.412,2.643,-1.815
144,1,0.652,-1.302,1.34,-0.941,3.006
145,0,1.72,-0.761,2.619,-2.948,2.428
146,0,-0.322,1.532,0.25,0.896,-3.026
147,0,2.028,1.007,0.904,0.493,0.578
148,1,-2.474,2.152,-1.897,2.209,-1.84
149,1,3.21,-2.763,3.602,-0.094,3.124
150,0,-0.121,-0.518,-1.887,1.608,0.303
151,1,2.416,-1.353,1.673,-1.895,1.76
152,0,-1.776,1.835,-1.421,2.7,-0.426
153,0,-1.823,1.768,-1.525,-0.479,2.316
154,1,-1.382,-0.679,-1.663,2.039,-2.033
155,0,-1.516,1.886,-2.288,-0.221,-1.064
156,0,0.923,1.829,-1.385,1.291,1.245
157,1,1.075,0.689,1.272,-1.372,0.632
158,1,-0.544,2.308,0.595,0.221,1.235
159,1,2.256,-2.204,0.328,-2.52,2.327
160,0,-3.534,0.191,-1.137,-0.158,-0.974
161,0,-2.92,1.697,-2.381,1.643,1.713
162,1,-1.076,3.7,-2.83,5.505,-3.774
163,0,0.126,3.179,-4.165,2.782,-3.746
164,1,1.278,-1.92,2.287,-2.108,2.843
165,1,-4.04,2.085,-1.214,-1.046,0.409
166,0,-0.992,0.65,-0.351,1.501,-0.072
167,0,2.691,1.871,2.815,-0.035,0.765
168,0,0.073,0.42,-0.929,0.966,1.058
169,0,-1.151,0.08,0.142,-1.053,2.423
170,1,-1.656,2.157,-1.494,3.137,-1.629
171,1,2.914,-1.728,2.528,-1.24,2.85
172,1,2.718,-1.3,0.751,-1.749,2.047
173,1,-3.411,1.183,-2.54,2.515,-1.785
174,1,1.033,0.849,2.225,1.146,2.727
175,0,1.031,0.806,2.396,1.145,2.054
176,0,0.509,-0.247,1.93,0.551,2.09
177,0,-0.657,0.004,-0.092,0.264,2.534
178,0,1.18,1.821,-2.306,-0.176,1.711
179,0,-2.478,1.079,-2.014,1.636,-0.662
180,1,-2.558,0.157,-2.357,-0.918,0.596
181,1,3.353,-1.426,2.671,-0.065,2.453
182,0,-2.608,1.963,-1.177,1.964,-1.324
183,1,-0.992,1.981,-2.448,1.44,-1.133
184,1,0.971,1.138,2.14,-2.147,0.753
185,1,-1.827,3.232,-3.059,-2.536,1.051
186,0,1.669,-3.074,3.219,-2.04,1.06
187,0,1.122,2.052,0.953,-1.467,1.2
188,1,-0.141,-0.053,-2.007,-1.179,0.563
189,0,2.122,-2.118,3.545,-3.2,0.87
190,1,-0.905,3.561,-1.75,0.625,-2.822
191,0,-1.114,4.313,-1.973,1.852,-3.037
192,0,-0.74,1.54,-1.81,-2.06,2.429
193,1,-1.218,1.135,-0.953,-1.171,0.583
194,1,-0.621,-0.525,-0.863,-0.223,1.271
195,1,1.07,-1.952,2.143,-2.216,3.245
196,1,2.004,-0.544,2.139,-2.431,1.773
197,1,2.087,0.633,0.614,-1.997,1.116
198,1,-2.769,1.913,-1.518,-1.284,-0.059
199,1,0.224,0.969,1.554,0.282,2.472
200,0,2.221,-3.472,1.562,-2.365,2.125
201,0,-3.038,2.837,-2.838,2.603,-1.916
202,0,-2.432,2.301,-2.454,1.234,-3.277
203,1,0.641,-1.927,1.186,-2.68,3.172
204,1,-2.602,1.272,-1.944,-1.571,0.285
205,0,-1.939,1.291,-2.514,1.981,-3.568
206,1,-1.399,1.741,-2.108,-1.2,1.836
207,0,-0.083,0.899,-0.272,-0.665,-0.137
208,1,1.312,-1.757,1.971,-1.45,3.334
209,0,-1.476,3.994,-1.283,2.051,-3.479
210,0,3.097,-1.185,3.622,-2.634,1.782
211,0,-1.984,3.417,-1.491,2.851,-1.995
212,0,0.865,0.768,0.362,-0.078,-1.502
213,0,-1.959,1.009,-1.907,1.295,-0.628
214,1,1.977,3.144,1.627,-0.367,1.734
215,0,-1.163,1.765,-2.696,2.26,-0.855
216,1,2.2,-3.251,0.812,-2.159,2.514
217,1,1.009,-2.46,2.36,-2.822,3.297
218,1,-1.002,-0.444,-1.175,-1.743,0.62
219,0,1.643,1.358,-0.694,1.929,0.432
220,0,-1.298,0.593,-0.869,-1.89,-0.244
221,1,-1.694,0.531,-1.16,-0.058,-1.183
222,1,1.336,0.058,-3.017,0.976,0.226
223,0,-1.359,-0.685,-1.842,-0.174,1.288
224,1,0.601,1.694,-0.933,-1.027,1.991
225,0,-0.084,0.942,0.438,-2.29,1.354
226,1,-1.464,0.245,0.381,-0.043,0.315
227,1,2.067,-1.204,2.664,-0.909,2.472
228,0,-1.147,3.332,-2.619,2.878,0.085
229,0,-2.006,3.416,-2.449,2.548,-2.092
230,0,-0.85,0.379,-1.139,-0.093,-0.131
231,1,0.416,1.358,-1.403,1.13,0.802
232,1,-2.012,0.712,-0.849,0.135,1.374
233,1,1.005,-2.823,1.45,-1.717,2.48
234,0,-2.275,2.472,-2.286,1.262,-0.512
235,1,0.578,1.454,1.299,-1.274,2.047
236,1,-0.296,-2.788,1.796,-2.388,2.014
237,0,-2.747,0.151,-0.289,-1.366,-1.586
238,1,-0.8,0.013,-2.325,-1.492,2.032
239,0,-2.873,2.001,-0.612,1.484,-3.039
240,1,-0.126,2.503,-1.742,-1.641,0.751
241,0,-2.292,1.658,-2.206,2.219,-2.176
242,0,3.116,-1.543,0.387,-3.45,1.113
243,1,2.693,2.768,-2.196,0.662,2.635
244,1,2.819,-2.664,3.187,-3.635,2.955
245,1,-2.597,0.213,-1.432,0.345,0.909
246,1,2.564,0.464,2.057,0.457,-0.492
247,0,-1.237,2.45,-2.826,-0.693,0.061
248,1,2.777,0.011,-1.974,2.202,1.183
249,1,-1.161,1.695,0.323,0.199,2.137
250,0,1.038,-3.648,0.913,-1.228,2.143
251,0,-2.398,1.711,1.088,-2.514,0.899
252,1,1.428,2.337,0.093,2.392,0.43
253,1,-0.023,1.902,-1.812,0.728,1.748
254,1,-1.483,3.396,-0.894,-2.961,1.182
255,1,1.814,-0.732,0.843,-3.874,0.636
256,0,-1.571,0.8,-1.129,1.611,-2.382
257,1,1.165,1.92,0.7,-0.066,0.096
258,0,-1.996,1.523,-2.497,2.947,-2.993
259,1,1.921,-2.901,2.868,-2.565,2.848
260,0,-1.791,0.479,-1.118,-0.144,1.557
261,0,-2.072,3.379,-3.753,2.287,-1.438
262,1,1.598,1.712,0.348,1.213,-0.464
263,0,-1.877,2.322,-1.838,2.632,-1.487
264,0,-3.203,2.02,-2.822,1.839,-1.574
265,0,-1.058,1.237,0.052,-0.739,1.687
266,0,-2.255,0.753,-2.176,1.053,-0.442
267,0,-0.255,1.563,-1.464,-1.554,0.934
268,1,-1.669,0.824,-1.906,-2.121,1.239
269,0,0.286,1.27,0.077,0.203,1.309
270,1,-1.117,0.693,0.251,3.01,-3.485
271,1,0.563,1.825,3.169,0.463,-0.18
272,0,-0.225,2.909,1.098,-2.729,1.049
273,0,2.949,-1.155,1.796,-2.044,2.671
274,1,-2.356,3.143,-2.513,1.951,-2.807
275,1,-1.195,0.678,-1.931,-2.271,-0.793
276,1,2.063,-0.17,1.332,-1.982,1.823
277,1,2.066,-1.135,1.646,-1.902,2.019
278,1,3.065,1.401,-0.729,-1.77,1.915
279,1,2.086,-1.45,0.673,-1.22,2.434
280,0,0.563,1.003,-0.009,-0.88,1.428
281,1,-0.761,-0.637,-0.885,-1.55,1.671
282,1,1.471,-0.02,-0.903,0.247,0.075
283,0,2.778,-2.412,2.78,-2.851,2.979
284,1,1.882,1.623,-0.989,3.134,0.916
285,0,1.961,2.712,-3.545,0.655,0.874
286,1,-3.448,1.673,-1.431,3.197,-1.248
287,1,2.247,-1.464,2.334,-2.754,2.68
288,1,-0.169,0.489,-0.375,-0.592,0.145
289,1,-0.561,1.554,0.804,2.655,-1.913
290,1,1.751,-2.781,1.812,-0.769,5.055
291,1,2.264,-2.555,1.535,-1.281,1.16
292,0,-1.856,4.55,-1.838,1.42,-3.016
293,0,-0.572,1.278,-1.704,0.966,2.17
294,0,-2.358,0.257,-1.979,4.513,-0.581
295,0,-1.252,1.245,-0.74,1.888,-1.615
296,0,2.074,-1.123,2.006,-2.01,0.606
297,0,0.183,-1.859,3.253,-2.218,1.741
298,0,-1.581,1.295,-2.188,2.733,-2.662
299,0,-0.954,1.352,-2.502,-1.434,0.422
300,0,-1.606,1.712,-2.804,0.76,-2.369
301,0,-1.534,0.002,-4.202,-0.46,2.045
302,1,1.65,-1.493,1.374,-0.575,1.802
303,0,-2.413,0.167,-1.313,2.316,-1.235
304,0,-2.388,0.357,-2.324,1.927,-1.857
305,1,-0.395,1.156,-1.614,3.427,-1.373
306,1,1.212,-2.031,1.267,-1.944,3.564
307,1,0.358,1.069,-0.589,1.843,0.874
308,0,0.982,0.16,1.962,-2.027,3.53
309,1,-1.782,3.19,-1.471,2.075,-0.997
310,1,-1.879,2.147,-1.809,2.725,-1.699
311,1,0.277,-1.855,2.627,-3.345,-0.038
312,1,0.511,2.489,1.024,0.696,2.416
313,0,-1.725,2.401,-2.477,1.535,-2.521
314,0,1.103,-2.181,4.746,-2.632,3.598
315,1,-1.124,1.447,0.038,1.052,0.894
316,0,-1.4,2.632,-0.417,3.475,-0.973
317,0,-2.665,1.794,-3.832,3.095,-1.886
318,1,0.137,-0.628,1.639,-0.833,0.586
319,1,2.687,-0.996,3.197,-3.136,2.059
320,1,-0.805,1.028,-0.996,-1.156,0.048
321,0,2.906,-2.244,-0.093,-2.708,2.127
322,1,-2.515,0.821,-1.513,2.602,-1.457
323,0,1.495,1.11,-0.605,-0.307,0.602
324,1,-2.306,-0.048,-2.486,-0.604,1.349
325,0,-1.182,2.385,-1.437,2.781,-2.258
326,1,-1.113,1.447,0.761,-1.087,-0.909
327,0,0.669,-1.738,-1.507,-0.206,1.366
328,0,-1.144,3.154,-1.902,-0.979,1.335
329,0,-1.105,1.971,-0.08,-0.59,1.338
330,1,-1.827,3.668,-1.002,-2.457,1.709
331,0,1.259,1.056,0.652,1.513,0.625
332,0,-2.274,0.389,-0.346,3.088,-2.464
333,0,-0.811,1.255,-2.248,1.025,-2.134
334,1,1.008,1.338,-0.087,-1.768,1.272
335,0,1.587,-1.33,1.069,-2.316,4.312
336,0,-2.214,1.223,-3.137,0.85,-1.752
337,0,-0.59,-1.679,-2.141,1.179,1.049
338,1,1.009,2.053,0.38,0.925,-0.199
339,0,-0.926,1.794,-2.154,2.416,-3.915
340,1,0.999,-2.826,0.947,-1.966,1.846
341,0,-0.603,1.453,-0.147,-0.707,0.775
342,0,-1.965,0.539,-2.751,-1.717,0.892
343,0,0.048,-0.341,-0.521,-1.588,0.027
344,1,-1.151,-0.783,-2.966,0.351,-0.39
345,0,-1.172,1.445,-0.57,-0.833,4.197
346,1,0.665,0.143,-0.237,-1.085,3.055
347,0,2.783,-2.823,0.224,-0.25,1.301
348,1,0.372,2.34,-0.473,-1.604,0.059
349,1,-0.967,1.173,0.102,-0.414,2.257
350,1,-1.415,1.545,-1.083,-1.358,2.209
351,0,3.275,-2.312,0.527,-2.694,1.608
352,1,-2.695,1.896,-0.214,2.086,-1.909
353,0,-0.648,1.876,0.479,-0.009,1.849
354,0,-1.689,2.326,-0.948,-0.576,2.876
355,0,-1.858,0.39,-0.232,2.012,-0.583
356,1,-0.022,2.51,3.393,-1.448,1.784
357,1,1.027,0.119,0.16,-1.091,1.866
358,0,-3.397,0.249,-1.531,1.842,-0.879
359,1,-0.372,0.827,0.043,-0.659,1.114
360,0,-0.865,1.259,-0.559,-2.646,2.91
361,1,0.662,1.574,-0.765,-2.554,0.571
362,0,-0.017,0.669,-0.911,-1.667,1.378
363,0,-0.594,0.957,1.266,-1.506,1.64
364,1,1.418,-1.888,3.23,-1.505,2.834
365,0,0.307,-1.387,-0.485,-0.097,2.674
366,1,0.108,2.785,-2.733,2.226,-1.831
367,0,-1.202,0.862,-2.42,-0.149,-2.215
368,1,-2.504,1.479,-1.574,2.577,-1.477
369,0,1.912,-1.02,1.862,-3.606,0.743
370,1,-0.422,-0.704,-1.347,-0.323,2.206
371,0,-1.822,-0.181,-1.101,1.438,-1.417
372,1,0.634,0.491,0.893,-0.821,2.014
373,0,2.437,-3.14,1.424,-3.1,2.576
374,0,-0.565,4.226,-1.238,2.645,-1.158
375,0,-3.34,3.387,-0.675,1.302,-2.626
376,0,-1.665,0.222,-1.515,1.035,-3.052
377,1,0.322,-0.091,-0.805,-1.272,3.049
378,1,-0.495,2.186,-1.893,-1.65,-0.072
379,0,-1.122,1.627,-1.091,-0.529,1.53
380,1,1.549,0.024,-2.076,-0.072,-1.072
381,1,2.299,-2.375,2.609,-1.949,1.352
382,0,-2.327,2.044,-3.47,1.348,-1.243
383,0,-0.657,0.697,-1.397,0.139,1.105
384,0,-1.356,3.112,-1.224,1.395,-1.144
385,1,0.847,1.226,0.945,0.395,2.139
386,1,0.935,1.242,0.52,-2.425,1.31
387,0,-2.27,2.436,-1.436,0.978,-2.169
388,1,1.185,-2.893,1.863,-2.752,2.917
389,1,0.163,-0.142,-1.847,-1.629,0.162
390,0,-2.198,3.097,-3.003,2.42,-0.613
391,1,-1.535,-0.316,-1.581,-0.766,1.043
392,0,-2.551,1.624,-3.897,1.616,-2.132
393,1,1.224,-2.066,1.469,-2.968,-0.736
394,1,-0.648,-0.492,-3.136,-2.093,-0.06
395,1,0.564,-0.145,2.333,-0.659,1.054
396,1,-1.954,2.186,-0.335,1.162,0.742
397,0,-1.196,1.542,0.321,-1.782,1.776
398,1,1.946,-3.324,1.395,-1.959,0.472
399,1,-2.253,2.252,1.945,-0.508,2.051
400,1,2.496,0.231,2.147,-2.334,3.657
401,0,3.121,-2.119,2.096,-1.87,1.882
402,0,-0.443,0.443,-0.772,0.582,0.376
403,0,-0.716,1.317,-0.945,2.823,-1.13
404,1,-1.057,2.212,-0.837,1.214,-0.258
405,0,1.204,2.096,-2.632,-0.379,1.396
406,0,0.404,2.843,-1.496,-2.578,0.695
407,1,-1.918,0.865,-0.845,-1.087,2.159
408,1,-1.519,2.105,-3.321,2.334,-1.693
409,0,0.769,0.692,-0.185,0.129,0.44
410,0,1.584,-2.015,2.094,-2.816,2.428
411,0,-2.629,3.076,-1.388,1.578,-0.878
412,0,1.241,-0.016,-0.383,-2.677,1.158
413,1,0.891,1.283,0.437,0.833,-0.322
414,1,2.049,1.506,1.286,1.138,1.708
415,0,-1.012,0.957,1.089,-1.58,1.467
416,0,-1.898,2.82,-2.453,2.372,-2.039
417,1,-0.321,0.68,-0.702,0.248,1.993
418,1,1.106,-0.553,-0.792,0.745,0.076
419,1,-0.599,1.232,-0.788,0.196,2.025
420,1,3.48,-1.147,1.732,-1.101,3.224
421,0,-2.622,2.573,-0.451,3.125,-1.587
422,1,3.37,-2.509,1.255,-0.992,4.15
423,1,1.686,-1.908,2.408,-2.516,2.035
424,0,1.893,-3.617,3.506,-0.164,3.312
425,1,-1.76,1.096,-1.37,-1.934,1.864
426,0,2.881,0.472,3.142,-2.335,4.365
427,0,0.83,2.516,2.075,-0.621,0.064
428,0,2.215,1.955,-0.329,0.452,2.208
429,0,2.258,1.025,-1.187,0.217,1.336
430,1,-0.426,1.174,-0.82,-1.35,1.041
431,1,0.422,1.77,0.201,-1.347,0.752
432,1,-1.748,0.408,-1.051,-1.32,0.942
433,1,1.716,1.952,2.35,-0.014,0.971
434,0,0.613,1.444,-0.018,0.388,-0.132
435,1,-1.89,1.825,0.41,-0.34,2.127
436,0,-1.742,0.861,-1.435,2.61,-3.456
437,0,-0.478,0.101,-2.22,1.806,-2.335
438,0,-0.016,-2.306,1.229,-1.289,0.958
439,1,0.625,1.326,1.632,-1.742,0.414
440,0,-1.833,1.095,-1.242,0.241,-3.279
441,0,-2.276,2.136,-1.585,2.766,0.284
442,1,1.215,1.814,0.897,-1.24,0.99
443,1,2.408,-2.147,1.515,-2.301,2.836
444,0,-1.624,2.3,-3.157,1.963,-2.981
445,1,-2.531,3.35,-1.473,3.329,-1.888
446,0,-1.294,2.058,-1.243,0.828,-1.142
447,1,1.215,-2.83,2.01,-1.152,1.558
448,1,1.703,0.071,2.128,-1.204,0.759
449,1,-0.072,1.235,-3.574,3.247,-1.194
450,1,-0.626,-0.367,0.557,-0.561,1.471
451,1,0.256,0.677,1.41,-1.642,1.497
452,0,-2.314,2.888,-2.403,1.94,-2.613
453,1,2.17,-1.949,1.611,-3.637,1.278
454,0,-0.687,1.284,-0.848,2.878,-1.77
455,1,-2.813,1.717,-1.269,-0.336,1.412
456,0,-0.989,2.575,-2.369,2.232,-1.083
457,1,1.687,1.777,0.842,1.749,2.737
458,1,1.376,-1.318,3.228,-1.998,1.727
459,0,-2.344,1.08,-0.853,0.098,1.073
460,1,0.303,0.552,0.094,-1.357,0.342
461,1,2.231,1.466,0.177,0.754,0.499
462,1,1.571,0.809,-0.303,-0.833,0.139
463,1,0.667,1.727,-1.92,3.016,2.586
464,1,-1.186,1.262,0.922,-0.884,0.654
465,0,0.16,-0.135,-1.098,-1.113,0.687
466,1,1.291,2.116,0.137,-0.176,1.43
467,1,1.708,0.265,-1.364,-0.446,1.581
468,1,2.848,0.876,0.975,-1.138,0.093
469,1,0.213,1.219,-1.333,-1.255,0.77
470,0,-2.296,-0.208,-2.032,2.398,-0.998
471,1,0.495,1.276,-1.393,0.08,0.984
472,0,-2.178,0.554,-2.082,1.622,-0.596
473,1,0.928,-0.137,2.629,-1.792,-0.389
474,0,2.882,-2.734,0.864,-1.86,0.03
475,0,1.425,-0.876,1.589,-2.169,2.993
476,1,1.124,0.587,-2.558,2.395,0.531
477,0,-1.342,2.39,0.132,2.386,-2.154
478,1,0.556,0.353,0.094,-1.416,1.504
479,1,-0.656,1.785,-0.406,-0.519,0.944
480,0,0.979,-4.254,2.934,-1.949,1.703
481,0,2.519,-2.463,2.817,-1.391,2.189
482,1,-0.698,2.325,-0.971,-1.283,1.805
483,0,-1.947,1.3,-1.774,1.634,-0.556
484,1,3.737,-0.905,2.175,-2.169,1.209
485,0,-1.896,-0.01,-2.111,0.592,0.099
486,0,-0.424,1.987,-3.635,2.088,-1.594
487,0,-1.63,0.075,-1.235,-0.667,1.373
488,1,-2.96,0.377,-1.557,0.754,-2.259
489,1,2.985,0.762,-0.619,1.598,-0.594
490,0,-2.761,2.057,-1.255,1.539,-1.554
491,0,-2.163,3.533,-0.689,1.402,-2.061
492,0,-1.217,1.418,-0.766,-0.61,2.286
493,1,1.492,2.091,1.259,-2.157,-0.678
494,1,-1.719,1.962,-3.001,1.071,-2.233
495,0,0.65,0.114,-1.096,-2.303,1.528
496,0,0.189,1.307,0.358,-2.677,-0.267
497,1,0.602,1.996,-1.022,-1.286,2.116
498,1,1.814,-2.218,1,-2.864,1.131
499,0,-3.443,2.303,-2.628,2.086,-2.064
500,1,-1.722,0.978,-3.501,-2.224,1.106
501,0,-1.033,0.875,-2.107,-0.26,1.262
502,1,0.284,2.338,2.96,0.03,1.015
503,0,-3.839,1.304,-2.804,2.978,-2.61
504,1,-1.721,0.789,-2.52,3.672,-3.874
505,1,-1.402,2.049,2.413,-0.306,1.283
506,0,2.077,-2.155,1.52,-1.751,2.366
507,1,2.511,2.425,1.263,-1.03,1.783
508,1,3.358,-1.265,3.008,-3.252,1.579
509,1,0.332,0.742,-1.268,-1.519,0.853
510,1,2.877,2.157,-0.521,-0.701,-0.238
511,1,-2.149,0.029,-1.006,1.385,1.251
512,1,2.316,-0.498,-1.698,0.175,2.65
513,1,-1.78,0.188,-1.712,-0.901,1.771
514,0,-2.255,1.019,-1.191,-1.648,1.297
515,1,2.963,-2.847,1.935,-2.026,2.601
516,1,2.28,-2.815,0.94,-0.995,1.965
517,1,-0.245,1.44,0.452,2.797,0.567
518,0,-0.832,3.18,-0.476,2.54,-1.857
519,1,-2.028,1.064,-1.17,1.835,-1.609
520,1,1.07,0.565,-0.586,1.009,0.433
521,1,0.678,0.714,1.898,-1.448,-0.016
522,0,0.742,1.04,1.919,-1.455,-0.466
523,1,0.269,0.581,-0.73,-0.093,1.158
524,0,-1.925,1.381,-3.324,2.96,-3.611
525,0,2.287,-0.651,1.67,-2.235,2.777
526,0,-2.824,0.797,-2.806,2.809,-3.563
527,1,0.541,1.311,-3.682,-0.01,-4.616
528,0,-1.572,0.496,-1.992,1.504,-1.991
529,0,-3.951,0.759,-0.92,0.462,-3.232
530,0,0.405,0.745,1.631,-0.973,2.051
531,0,3.059,-3.542,0.793,-2.116,0.686
532,0,-1.156,1.432,-1.458,2.309,-2.068
533,0,-0.906,0.746,-0.432,-1.005,1.326
534,1,1.473,2.622,1.148,-1.271,1.303
535,1,1.51,-3.978,2.198,-2.082,0.761
536,1,0.221,-0.238,-0.457,1.56,0.762
537,1,3.651,0.815,2.124,-1.105,0.812
538,0,1.453,0.236,1.896,-1.791,2.353
539,0,-1.805,1.144,0.368,1.928,-2.309
540,0,-0.963,1.245,-0.809,-1.18,-0.758
541,0,-1.224,1.532,-2.791,4.078,-2.875
542,0,-0.901,2.36,1.798,-2.209,1.553
543,1,1.519,-2.64,0.9,-2.602,3.604
544,1,3.021,-1.71,1.478,-1.996,3.632
545,1,-2.175,0.941,-2.875,2.135,-2.756
546,1,4.203,-1.148,2.768,-1.02,1.735
547,1,4.248,-1.827,1.283,-2.045,3.079
548,0,-1.537,1.423,-2.327,-0.241,0.072
549,0,2.262,-2.232,3.009,-0.301,0.989
550,0,-2.801,-0.784,-0.11,-0.618,0.343
551,1,-1.786,1.048,-1.347,-0.787,0.716
552,1,-0.124,0.639,-2.24,0.751,1.344
553,1,1.472,1.422,0.624,0.709,2.574
554,1,-0.1,0.4,-2.015,-0.909,0.615
555,0,1.179,-1.217,2.492,-1.523,1.714
556,0,0.807,0.031,-0.039,-0.012,0.754
557,0,-0.578,2.023,-3.765,-2.947,2.806
558,0,-4.03,1.142,-4.051,3.313,-2.417
559,0,1.639,0.621,-0.69,2.145,0.063
560,0,-2.78,0.618,-2.629,3.803,-1.255
561,1,2.79,-1.569,2.711,-3.348,1.801
562,1,-0.714,3.302,-1.789,0.139,-2.883
563,1,0.94,0.744,0.625,-2,1.072
564,1,2.383,0.036,1.906,-2.085,3.901
565,1,1.299,2.337,1.399,-1.17,1.762
566,0,-2.646,2.303,-1.915,3.207,-2.575
567,0,-1.222,1.469,-1.431,-0.528,1.769
568,1,1.2,-1.688,1.592,-1.59,2.33
569,1,1.444,-2.68,1.549,-2.91,3.885
570,1,-0.512,2.309,-0.49,-0.338,0.743
571,1,1.687,-0.696,0.717,-0.418,2.873
572,1,-1.506,0.365,-0.413,-0.855,2.325
573,1,-1.971,1.734,-0.697,-2.708,1.685
574,1,-2.886,2.377,-0.669,0.96,-1.295
575,1,0.196,1.502,-2.516,-1.365,0.196
576,1,2.042,1.697,-0.397,-1.665,0.256
577,0,-3.129,-0.685,-1.825,-1.279,2.394
578,1,0.921,-0.564,-0.799,3.177,0.538
579,0,2.227,1.862,-2.716,2.021,-0.363
580,1,2.006,1.895,-0.458,-1.735,0.64
581,1,1.388,0.782,1.28,-0.647,2.22
582,1,2.808,-1.144,2.614,-3.002,0.676
583,1,2.104,-2.09,1.45,-3.527,2.313
584,0,-1.001,-0.594,-3.154,1.281,-1.056
585,1,-1.042,0.71,-0.647,-0.083,1.303
586,1,1.876,-1.085,1.293,-2.423,0.778
587,1,0.731,1.762,-0.169,-2.075,0.712
588,0,-0.915,1.857,-2.42,2.066,-3.476
589,1,1.743,-1.916,3.097,-1.507,1.919
590,1,-1.633,-1.294,-2.09,-1.658,1.407
591,0,-2.109,2.142,0.406,3.818,-2.022
592,0,-1.157,3.308,-2.928,2.055,-1.395
593,0,1.034,3.084,0.344,1.862,0.774
594,0,-2.452,1.376,-1.443,2.429,-1.29
595,1,2.855,0.297,1.277,-1.541,0.176
596,1,0.59,-1.819,2.135,-1.248,2.212
597,1,-1.629,0.177,-0.028,-2.37,2.586
598,1,0.306,-0.301,-0.283,0.278,1.038
599,1,-1.215,0.793,-2.785,2.542,-1.623
600,0,-0.327,-2.288,1.464,-2.411,1.871
601,1,-0.855,1.74,2.373,-1.502,2.548
602,0,-3.037,0.598,-1.074,0.68,-1.997
603,0,-0.293,-1.485,-0.658,-2.332,1.961
604,0,2.8,2.454,0.163,0.424,1.308
605,0,1.453,1.503,0.935,1.085,0.769
606,0,1.375,-0.978,0.706,0.7,0.715
607,1,3.669,-2.545,1.333,-0.724,1.595
608,1,1.49,0.557,-0.925,0.839,1.651
609,0,-3.525,2.544,-2.232,1.981,-2.64
610,1,0.529,0.343,0.689,-1.398,1.436
611,1,0.652,2.617,1.069,0.741,0.112
612,1,-2.567,2.278,-0.209,2.665,-1.19
613,0,-1.292,0.822,-1.271,1.146,-0.101
614,1,-1.009,1.748,-2.039,1.068,1.627
615,0,1.617,0.944,-1.901,-0.267,2.705
616,0,-0.679,0.629,-1.692,3.762,-2.506
617,1,1.189,1.921,1.155,0.675,0.964
618,0,0.371,0.01,-2.155,2.082,-1.585
619,0,-1.41,1.957,-2.222,2.677,-1.56
620,1,2.091,-2.954,1.604,-1.904,1.765
621,1,0.293,2.204,-1.416,-1.785,2.668
622,0,-1.367,-0.485,-1.131,-1.47,1.452
623,0,-1.924,2.122,-2.339,1.16,-4.548
624,0,-1.943,-0.346,-1.073,2.27,-2.524
625,0,-1.675,2.656,-2.055,2.936,-2.47
626,1,3.538,-1.271,2.258,-1.365,4.569
627,1,4.638,-1.633,1.237,-2.621,3.643
628,0,0.787,1.272,1.886,-1.273,2.122
629,0,1.733,2.142,-0.84,0.509,-1.201
630,1,1.723,-0.694,3.044,-2.079,1.515
631,0,-1.424,3.013,-2.062,0.981,-1.682
632,0,-0.305,0.555,-1.285,-1.682,2.311
633,1,2.447,-1.329,2.741,-1.444,0.765
634,0,-1.866,1.825,-0.315,-1.412,2.247
635,1,-0.592,2.498,0.738,-1.599,1.941
636,1,3.045,-3.817,1.802,-0.9,1.051
637,0,-0.644,3.813,-0.993,3.751,-2.934
638,1,1.111,-1.271,1.301,-0.965,0.704
639,1,1.785,-3.065,0.102,-1.871,2.01
640,1,0.515,-0.031,-1.518,-1.562,0.413
641,0,1.318,0.672,1.441,-0.643,2.653
642,1,0.403,1.811,1.906,-0.22,0.908
643,0,-0.109,1.885,-0.662,0.578,1.324
644,0,2.495,-2.815,3.578,-3.153,1.031
645,0,1.897,-3.546,1.762,-1.496,2.025
646,0,-1.987,0.677,0.306,-1.302,2.429
647,0,-3.416,-0.053,-1.813,1.001,-1.846
648,1,2.071,1.067,1.355,-1.766,1.915
649,1,-1.471,0.183,-1.151,-0.372,0.721
650,0,0.761,1.659,-2.196,-2.82,2.788
651,0,-0.408,0.731,-3.189,0.37,-2.75
652,0,2.038,-1.907,1.756,-0.754,2.135
653,0,-1.392,2.335,-2.191,1.094,-2.136
654,0,-1.903,2.062,-1.739,-1.233,0.284
655,0,0.708,2.015,-0.495,-1.608,2.599
656,1,2.671,-2.437,2.9,-1.704,1.024
657,1,-4.27,2.746,-2.127,1.98,-1.654
658,0,-1.012,4.348,-2.171,2.482,-0.135
659,1,0.953,1.737,0.234,-1.633,2.995
660,0,1.517,-1.445,2.392,-3.131,2.515
661,0,1.632,2.343,2.556,-1.411,0.785
662,1,-1.824,0.604,0.957,-0.765,1.08
663,1,2.393,0.951,0.657,-1.101,2.072
664,1,1.029,1.842,1.42,2.215,3.17
665,1,0.136,3.669,1.318,-0.529,0.99
666,1,0.934,1.612,-3.116,-2.4,-1.214
667,0,0.104,2.488,-0.426,3.201,2.37
668,1,0.619,-3.853,1.275,-0.39,2.079
669,1,2.326,-1.929,1.907,-1.561,2.556
670,0,-0.282,0.402,-1.53,2.485,-2.811
671,1,-0.191,1.518,-1.059,-1.556,0.688
672,0,1.574,-1.966,2.517,-2.189,1.634
673,0,-2.215,1.213,-1.314,-3.217,2.406
674,1,2.257,-0.476,1.466,-1.431,1.375
675,0,0.72,2.069,-2.007,-1.486,2.238
676,1,3.589,-0.465,1.425,-2.2,2.24
677,0,-0.873,-0.607,-1.803,1.969,-2.122
678,1,-2.191,0.832,-0.123,-2.41,1.186
679,0,-1.518,1.028,-0.913,-0.544,0.135
680,1,4.087,-1.941,-0.308,-0.768,2.323
681,1,-1.554,3.596,0.35,1.864,-1.423
682,1,-3.015,1.569,-1.299,2.08,-2.116
683,0,-0.874,0.143,-1.019,-0.944,-0.051
684,0,-0.955,2.063,-2.33,-0.684,0.406
685,0,-1.085,3.912,-1.981,-1.157,1.17
686,0,-0.422,3.268,-2.932,1.645,-2.09
687,1,0.832,1.208,3.414,-0.475,2.605
688,1,1.553,1.132,0.636,-1.988,0.614
689,1,-0.771,1.89,0.497,-0.569,1.578
690,1,0.817,2.023,-0.824,0.487,2.304
691,1,-2.116,2.416,-1.116,-2.105,-0.965
692,1,-0.857,3.732,-1.825,2.106,-2.748
693,0,3.459,-2.622,2.352,-0.887,1.181
694,0,3.513,-1.103,2.572,-2.861,2.611
695,1,2.5,-1.755,1.331,-3.35,0.76
696,1,-2.783,1.881,-1.228,-1.769,-0.217
697,0,1.706,-2.661,2.876,-4.253,0.391
698,0,-3.116,-0.566,-0.294,-2.809,0.18
699,0,-3.11,0.014,-2.275,3.386,-0.681
700,0,-1.333,2.56,-1.691,0.55,-1.995
701,0,-0.862,1.234,-0.936,-0.233,-0.111
702,0,2.171,-0.071,1.775,0.18,2.046
703,0,2.086,-2.064,2.645,-2.934,1.984
704,0,-1.988,0.436,0.162,-0.673,1.669
705,0,-2.33,2.511,-0.68,0.578,-2.35
706,0,0.871,-1.325,3.198,-2.705,2.159
707,0,2.763,-0.974,0.842,-1.064,4.63
708,0,-2.265,1.002,-0.478,1.477,-4.206
709,1,-0.496,1.714,-0.32,-1.346,2.142
710,1,1.453,1.821,1.654,-1.3,1.302
711,0,0.19,0.697,-2.267,-1.677,1.073
712,1,1.458,-2.256,3.241,-3.149,1.719
713,0,-2.302,-0.746,0.304,-1.467,2.557
714,0,-1.471,2.572,-1.827,3.228,-2.768
715,1,0.727,0.272,-1.83,-0.233,-0.319
716,0,1.387,1.048,0.009,0.694,-0.228
717,1,2.084,1.198,1.254,-0.82,0.179
718,0,2.777,0.436,0.586,1.33,0.443
719,1,0.632,1.243,1.867,-2.06,1.317
720,0,-0.995,1.932,-0.062,-1.486,1.354
721,1,-1.899,2.205,-2.393,-0.48,1.179
722,0,0.749,1.491,-1.779,-2.738,0.327
723,1,0.694,0.344,0.425,-0.618,0.445
724,0,1.914,-1.274,2.082,-0.817,0.937
725,1,-2.558,1.703,-0.867,-0.098,0.336
726,0,2.511,0.603,-0.162,1.661,0.419
727,1,-0.489,2.045,-0.769,-0.842,-0.241
728,0,-2.596,0.47,-1.377,0.838,-1.36
729,0,-3.01,0.9,-3.142,2.289,-1.678
730,0,-3.924,-0.631,-2.791,2.76,-2.118
731,0,-1.129,2.158,-1.045,-0.149,1.149
732,0,0.411,0.915,-2.727,1.273,2.399
733,1,1.35,1.011,-0.623,0.316,1.116
734,1,-0.108,1.98,-1.293,1.905,2.596
735,0,0.659,1.276,2.003,-0.724,2.681
736,0,2.304,-2.959,1.622,-2.855,2.353
737,1,2.91,-2.71,1.889,-2.239,2.943
738,1,2.258,-0.952,4.022,-1.058,2.29
739,0,0.928,-1.841,3.148,-3.168,2.996
740,1,-1.021,2.578,-1.053,0.066,1.064
741,0,-2.643,-0.372,0.457,-0.819,2.138
742,1,-1.788,1.352,-3.924,1.936,-1.517
743,0,-0.522,1.318,-3.755,2.872,-2.182
744,1,1.597,2.742,-0.752,-0.25,-1.924
745,0,-3.096,-0.72,-1.361,2.451,-1.664
746,0,-2.042,4.056,-2.056,1.511,-3.588
747,0,2.019,-0.698,1.115,-3.204,3.325
748,1,-1.958,0.928,-2.232,-2.117,-0.858
749,0,-2.532,1.252,-0.701,-1.979,0.98
750,0,-1.965,2.051,-2.333,0.712,-3.907
751,0,-2.673,2.184,-2.678,2.845,-3.461
752,1,3.063,-2.288,2.176,-2.354,3.402
753,1,1.543,1.367,1.027,-0.132,1.848
754,1,3.453,1.11,0.258,0.244,-1.067
755,1,0.054,0.297,-0.213,-0.844,1.102
756,1,1.422,0.973,-0.544,-0.652,1.507
757,1,-1.115,1.35,1.204,-0.073,1.023
758,0,1.678,1.699,-1.908,0.137,-0.26
759,0,0.329,-0.498,-1.696,-1.374,0.631
760,1,1.338,2.773,-1.674,-1.387,0.167
761,1,2.526,-1.624,1.765,-1.363,2.273
762,1,2.1,-3.479,2.712,-0.119,1.164
763,0,-0.012,3.233,0.428,0.711,-0.764
764,0,-2.867,0.047,-2.743,3.358,-0.756
765,1,1.629,-1.566,0.22,-3.026,1.032
766,0,-2.353,-0.098,-0.977,-0.529,1.057
767,1,-0.134,1.208,0.1,-0.586,1.532
768,1,1.567,-1.385,2.169,-0.288,2.661
769,0,3.466,-2.698,2.205,-2.273,1.073
770,0,1.166,0.901,-0.936,-0.171,1.051
771,1,-0.614,0.411,-1.493,-2.193,2.642
772,0,-0.604,1.042,3.343,-1.352,0.266
773,1,-0.157,0.142,0.669,0.686,1.091
774,1,-1.934,2.424,-2.886,0.454,-2.533
775,1,2.991,1.133,-0.945,1.9,1.111
776,1,1.709,0.69,0.684,-0.596,1.415
777,1,-2.374,0.715,-2.783,1.205,-0.935
778,1,-2.794,0.096,-1.535,-0.729,0.73
779,0,-2.033,1.641,-0.923,-1.512,0.481
780,1,-0.501,1.346,1.805,-0.712,1.836
781,1,-0.26,3.198,-0.277,-1.512,0.644
782,1,2.264,-2.078,1.633,-1.2,2.247
783,1,1.437,0.688,-0.53,2.002,1.776
784,1,2.306,0.721,-2.421,-2.196,0.242
785,0,-0.242,0.369,3.099,-1.422,1.576
786,0,-1.86,3.053,-2.505,2.568,-0.423
787,1,-0.878,2.353,-0.886,-0.118,0.384
788,1,-2.042,1.745,-1.41,2.976,-2.478
789,0,-1.293,1.564,-0.897,0.65,-2.478
790,0,2.7,2.135,-0.791,0.775,1.226
791,1,1.679,-0.431,2.054,-0.396,1.286
792,1,1.769,0.592,1.03,-1.927,2.39
793,0,-3.257,0.594,-2.791,2.377,-1.361
794,1,-2.337,-0.004,-1.652,-0.168,0.52
795,0,2.193,1.674,-1.964,1.782,2.545
796,0,-1.075,4.115,-2.808,-0.077,-2.56
797,1,1.493,-2.322,1.548,-3.366,3.18
798,1,2.168,-1.157,1.211,-1.263,1.359
799,1,1.376,1.409,1.139,-0.691,0.35
800,1,1.994,1.784,1.663,-2.264,2.696
801,0,-1.557,2.892,-2.802,2.425,-2.874
802,1,-1.582,-0.182,-1.343,-1.511,0.341
803,0,4.177,-1.126,2.273,-0.967,2.292
804,1,-0.529,1.833,-3.216,-1.198,-0.383
805,1,1.979,0.344,-0.51,1.814,0.246
806,1,-1.3,0.619,0.621,-0.406,1.297
807,0,-0.56,0.661,-1.566,-1.23,1.135
808,0,-2.008,0.849,-1.359,-1.087,1.26
809,0,-1.899,0.83,-2.22,2.36,-3.835
810,1,2.519,-1.797,2.863,-2.676,1.162
811,1,0.637,-2.34,3.811,-2.669,1.654
812,1,-0.087,2.276,1.035,-0.255,0.421
813,1,0.452,-0.185,0.11,-0.889,1.75
814,1,-0.916,1.213,-1.912,-2.777,-0.07
815,0,-2.704,2.926,-4.064,2.018,-1.977
816,1,-2.834,2.1,-1.872,-0.184,2.943
817,0,-0.643,-0.031,-1.399,-0.74,1.148
818,0,-1.233,2.6,-0.825,2.959,-2.239
819,0,-2.899,1.925,-1.706,0.087,-1.695
820,0,-1.31,1.496,-2.812,0.657,-1.146
821,0,1.503,0.088,0.594,-1.482,2.882
822,0,1.383,1.685,-0.219,-1.792,1.407
823,1,2.775,-0.999,1.572,-2.712,2.458
824,0,1.404,1.963,0.023,-0.909,0.635
825,1,3.45,-1.9,3.389,-1.418,0.615
826,1,-0.731,2.189,-1.937,-1.604,1.205
827,1,-2.999,4.483,-1.845,1.031,-2.646
828,0,-1.791,1.548,-2.473,0.568,1.653
829,1,0.129,-1.393,-0.263,-1.657,1.515
830,0,2.565,-1.671,3.517,-1.796,1.532
831,0,-1.787,1.776,-3.781,1.047,-2.894
832,0,-3.306,0.978,-1.716,2.801,-2.438
833,1,-0.447,1.737,-0.738,-0.586,-0.969
834,1,0.824,0.158,1.036,-3.01,3.59
835,0,-1.905,2.129,-2.762,1.636,-1.432
836,0,2.415,1.724,0.149,-2.211,1.047
837,1,0.764,-1.747,2.733,-1.801,2.356
838,1,-0.145,2.858,0.712,-0.122,1.211
839,1,-0.941,-0.255,-2.576,-2.474,0.137
840,0,1.11,-0.029,-1.861,0.062,-0.46
841,0,1.037,1.507,-3.52,1.617,-4.474
842,1,-2.54,0.745,-0.966,-2.147,-0.318
843,1,2.147,1.042,1.301,-2.741,1.17
844,0,1.581,-0.027,-0.007,-0.71,-0.689
845,1,-2.564,2.116,-0.297,2.937,-2.118
846,1,0.345,0.866,1.436,-1.153,-0.878
847,0,-2.769,3.367,-2.781,0.405,-0.924
848,0,-0.154,0.554,-1.291,-1.221,1.857
849,0,-1.999,2.347,-3.343,2.491,-1.198
850,1,-2.014,3.081,-1.907,-0.109,-3.067
851,1,3.09,-2.36,0.173,-0.979,3.235
852,0,-2.072,-0.448,-1.881,1.4,1.753
853,0,2.355,-2.329,2.82,-3.564,1.122
854,1,-0.941,2.341,-1.742,-0.732,1.931
855,0,-3.257,2.189,-3.909,0.882,-2.681
856,0,-1.094,1.044,-2.194,1.282,-2.317
857,0,1.684,1.211,2.764,-0.289,1.464
858,0,-0.705,1.769,-1.31,3.995,-2.701
859,0,-2.998,1.807,-0.051,-2.178,0.989
860,0,1.355,-2.848,0.858,-3.257,0.621
861,1,1.217,2.106,2.175,-1.403,1.899
862,1,2.776,-2.515,0.873,-4.015,1.826
863,1,3.324,-2.877,2.616,-1.867,1.002
864,0,-0.442,-1.19,2.996,-3.759,1.891
865,1,1.191,0.31,1.206,-1.436,-0.764
866,0,-3.496,1.38,-3.863,2.557,-3.677
867,1,-2.749,2.088,-1.34,2.436,-2.039
868,1,0.986,0.555,-0.817,0.54,1.528
869,0,-2.116,1.997,-1.347,-1.242,1.841
870,1,-0.931,0.621,0.631,-2.651,0.533
871,1,2.15,1.527,-1.678,0.878,2.184
872,1,0.658,0.797,1.166,-1.701,0.281
873,0,-0.377,1.698,0.673,-0.747,2.923
874,1,0.313,-2.086,0.307,-3.043,1.944
875,1,-3.062,1.856,-3.015,1.093,-0.397
876,0,-0.891,2.739,-1.738,-0.201,-0.302
877,0,-1.431,2.625,-0.49,-0.641,0.755
878,1,0.049,1.648,0.8,-0.012,0.742
879,0,-0.465,0.901,-0.884,-0.629,0.214
880,0,2.406,-3.392,0.727,-1.63,1.523
881,0,-2.656,1.987,-2.59,2.462,-1.096
882,1,0.299,0.487,-0.986,1.325,2.358
883,1,3.446,-1.22,0.559,-2.687,-0.755
884,0,0.601,-0.62,-1.467,-0.74,1.328
885,0,1.815,-0.72,2.177,-0.761,0.726
886,1,0.13,-0.142,-1.536,-0.351,0.354
887,0,-0.808,1.545,-0.095,0.205,2.814
888,0,-3.531,1.378,-0.88,-0.979,2.104
889,0,1.618,-0.631,1.704,-1.106,1.848
890,1,1.138,-1.92,3.026,-2.124,1.276
891,1,3.385,-0.195,2.134,-1.808,-0.039
892,1,-1.716,2.076,-0.073,-1.321,0.718
893,0,-0.924,1.031,-3.646,0.84,-0.839
894,1,0.801,0.688,-2.781,0.506,0.492
895,0,1.576,-2.601,3.091,-2.133,0.633
896,1,-1.615,0.763,-0.592,-1.889,2.202
897,1,1.221,1.31,0.255,2.6,1.487
898,1,-2.876,2.251,-0.72,1.364,-1.849
899,1,0.702,-2.415,2.654,-1.414,2.274
900,0,1.247,-0.265,-1.517,1.991,0.462
901,0,1.264,0.517,-3.119,1.386,1.548
902,0,-1.601,1.889,-2.9,-0.183,0.063
903,0,0.813,2.285,-2.064,-1.358,0.393
904,0,0.728,0.31,0.626,-0.068,1.696
905,0,-0.019,1.21,-1.799,0.433,2.635
906,1,1.12,0.571,-2.191,-0.024,0.9
907,1,3.608,-1.139,2.78,-1.412,0.743
908,0,-1.649,0.544,-2.618,1.95,-2.285
909,0,-3.083,1.414,-1.22,1.131,-1.755
910,1,1.713,1.007,-0.837,0.517,1.986
911,0,2.181,2.984,-0.493,0.99,0.83
912,1,-1.029,-0.728,-1.738,-1.436,-0.612
913,0,-3.311,3.292,-2.846,1.763,-2.128
914,0,0.392,1.273,-0.18,-1.347,1.324
915,0,-5.503,3.422,-2.976,3.562,-2.951
916,1,2.427,0.233,1.275,-2.726,1.598
917,1,-0.074,1.977,-1.301,2.149,1.089
918,1,2.665,1.243,0.668,0.473,1.772
919,0,-0.565,-1.431,-0.282,-0.37,0.35
920,1,-3.848,2.677,-3.56,2.347,-2.656
921,0,0.549,-0.844,-2.101,1.575,0.63
922,0,-1.808,1.749,-1.578,2.839,-3.721
923,0,-2.868,1.862,-4.059,2.409,-1.86
924,1,0.28,-0.286,0.181,0.316,1.095
925,1,2.701,-2.855,2.559,-2.003,2.165
926,0,-1.23,1.93,-0.46,-0.253,-1.441
927,1,-0.539,0.638,-0.544,-1.897,2.167
928,1,3.171,-2.835,3.414,-0.766,0.829
929,0,-2.324,1.941,-0.4,0.239,-0.527
930,1,0.048,0.338,-2.117,0.235,-1.021
931,0,-1.317,3.748,-2.325,0.613,-2.528
932,1,0.258,-1.185,2.571,-3.05,2.359
933,0,1.096,1.376,-2.152,1.144,0.82
934,0,-3.455,1.888,-1.448,2.009,-2.354
935,1,1.231,-2.237,2.03,-1.752,1.862
936,0,-2.373,1.649,0.208,-1.456,2.194
937,0,-0.136,3.418,-1.764,1.93,-1.312
938,1,0.96,2.762,0.652,-0.955,1.915
939,1,0.603,-1.247,-2.542,-1.734,1.813
940,0,-1.159,0.335,-4.667,0.507,-0.376
941,1,-0.963,1.58,-1.451,1.457,-1.802
942,0,-2.67,2.006,-0.518,3.282,-0.198
943,0,-0.388,0.948,-2.102,0.046,1.297
944,1,3.631,-3.002,2.877,-1.915,1.846
945,1,-2.197,1.168,-0.307,-1.636,0.204
946,1,-1.537,1.246,-4.346,-0.175,-0.088
947,1,0.989,-0.59,1.975,-1.668,1.368
948,1,0.423,0.222,-1.527,2.224,0.765
949,1,1.806,-2.064,2.429,-2.564,1.309
950,1,0.8,-2.788,2.863,-3.007,0.174
951,0,-2.121,3.918,-2.066,1.163,0.317
952,0,0.489,3.327,-2.534,-0.606,2.02
953,1,0.13,2.396,0.846,-0.246,0.278
954,0,-4.318,1.498,-1.802,2.465,-2.862
955,0,-2.362,2.101,-3.654,1.135,-3.546
956,1,0.488,0.008,2.312,-2.244,2.327
957,1,-1.48,2.72,-2.33,1.264,-0.724
958,0,-2.637,3.366,0.706,1.592,-1.228
959,1,1.599,0.713,2.066,-1.38,1.853
960,0,-0.363,1.011,1.664,-1.452,1.551
961,0,-0.164,-0.834,0.523,-2.8,0.606
962,1,-1.082,1.866,-1.715,-1.92,2.43
963,1,0.882,-1.634,1.903,-2.858,3.649
964,0,-0.424,-0.361,0.02,-2.394,1.017
965,0,-2.167,2.432,-2.189,3.44,-1.195
966,1,1.829,2.379,-1.619,-0.813,0.501
967,0,0.335,3.535,1.686,-1.8,-0.04
968,1,2.197,-2.507,1.92,-2.563,1.73
969,1,-2.698,1.213,-0.978,-2.153,1.366
970,1,-3.754,2.767,-3.185,1.713,-3.111
971,1,1.397,1.958,0.676,-1.136,0.982
972,0,-2.438,2.873,-0.988,1.917,-2.649
973,1,-1.723,2.742,-2.684,0.277,-1.557
974,1,-0.758,-0.418,-1.321,-1.18,0.56
975,0,-0.555,1.021,0.233,-3.476,0.842
976,0,-1.804,2.228,-0.874,0.935,-3.555
977,0,4.118,-2.404,2.011,-2.95,1.706
978,0,-0.336,-1.634,2.19,-1.962,1.506
979,0,3.246,2.149,2.412,-1.676,2.043
980,0,-2.079,2.157,-2.153,0.775,-2.476
981,0,-2.391,2.484,-3.615,2.256,-1.8
982,1,0.765,1.615,-2.038,2.405,0.866
983,1,-2.287,3.439,-0.893,3.694,-2.831
984,1,2.182,-2.235,0.947,-0.723,2.73
985,0,0.683,0.825,-1.875,-2.074,0.386
986,1,1.432,0.66,-1.916,-2.039,-0.528
987,1,-1.647,1.437,-0.77,-0.11,-0.366
988,1,0.41,3.229,-1.212,0.962,1.829
989,0,-0.264,0.116,-0.812,-1.715,0.768
990,1,3.134,-2.73,0.304,-2.544,0.599
991,1,1.28,-3.578,2.891,-2.579,-0.037
992,1,0.809,0.637,-2.313,-0.779,1.008
993,1,0.834,-2.778,3.241,0.112,2.341
994,1,3.326,-1.394,2.254,0.772,3.555
995,0,3.073,1.463,-0.686,2.381,2.671
996,1,0.811,1.999,-0.719,0.471,0.13
997,0,-1.722,0.509,-2.508,2.424,-0.355
998,1,3.392,-2.565,2.723,-2.698,2.661
999,1,-0.628,1.366,-1.073,-1.548,0.11
1000,1,-0.94,1.447,1.122,0.578,0.866
